ubigeo,departamento,provincia,distrito,region_natural
10101,AMAZONAS,CHACHAPOYAS,CHACHAPOYAS,SELVA
10102,AMAZONAS,CHACHAPOYAS,ASUNCION,SELVA
10103,AMAZONAS,CHACHAPOYAS,BALSAS,SIERRA
10104,AMAZONAS,CHACHAPOYAS,CHETO,SIERRA
10105,AMAZONAS,CHACHAPOYAS,CHILIQUIN,SIERRA
10106,AMAZONAS,CHACHAPOYAS,CHUQUIBAMBA,SIERRA
10107,AMAZONAS,CHACHAPOYAS,GRANADA,SELVA
10108,AMAZONAS,CHACHAPOYAS,HUANCAS,SIERRA
10109,AMAZONAS,CHACHAPOYAS,LA JALCA,SELVA
10110,AMAZONAS,CHACHAPOYAS,LEIMEBAMBA,SELVA
10111,AMAZONAS,CHACHAPOYAS,LEVANTO,SIERRA
10112,AMAZONAS,CHACHAPOYAS,MAGDALENA,SELVA
10113,AMAZONAS,CHACHAPOYAS,MARISCAL CASTILLA,SELVA
10114,AMAZONAS,CHACHAPOYAS,MOLINOPAMPA,SIERRA
10115,AMAZONAS,CHACHAPOYAS,MONTEVIDEO,SELVA
10116,AMAZONAS,CHACHAPOYAS,OLLEROS,SELVA
10117,AMAZONAS,CHACHAPOYAS,QUINJALCA,SELVA
10118,AMAZONAS,CHACHAPOYAS,SAN FRANCISCO DE DAGUAS,SELVA
10119,AMAZONAS,CHACHAPOYAS,SAN ISIDRO DE MAINO,SELVA
10120,AMAZONAS,CHACHAPOYAS,SOLOCO,SELVA
10121,AMAZONAS,CHACHAPOYAS,SONCHE,SELVA
10201,AMAZONAS,BAGUA,BAGUA,SELVA
10201,AMAZONAS,BAGUA,BAGUA ,SELVA
10202,AMAZONAS,BAGUA,ARAMANGO,SELVA
10203,AMAZONAS,BAGUA,COPALLIN,SELVA
10204,AMAZONAS,BAGUA,EL PARCO,SELVA
10205,AMAZONAS,BAGUA,IMAZA,SELVA
10206,AMAZONAS,BAGUA,LA PECA ,SELVA
10206,AMAZONAS,BAGUA,LA PECA,SELVA
10301,AMAZONAS,BONGARA,JUMBILLA,SELVA
10302,AMAZONAS,BONGARA,CHISQUILLA,SELVA
10303,AMAZONAS,BONGARA,CHURUJA,SELVA
10304,AMAZONAS,BONGARA,COROSHA,SELVA
10305,AMAZONAS,BONGARA,CUISPES,SELVA
10306,AMAZONAS,BONGARA,FLORIDA,SELVA
10307,AMAZONAS,BONGARA,JAZAN,SELVA
10308,AMAZONAS,BONGARA,RECTA,SELVA
10309,AMAZONAS,BONGARA,SAN CARLOS,SELVA
10310,AMAZONAS,BONGARA,SHIPASBAMBA,SELVA
10311,AMAZONAS,BONGARA,VALERA,SELVA
10312,AMAZONAS,BONGARA,YAMBRASBAMBA,SELVA
10401,AMAZONAS,CONDORCANQUI,NIEVA ,SELVA
10401,AMAZONAS,CONDORCANQUI,NIEVA,SELVA
10402,AMAZONAS,CONDORCANQUI,EL CENEPA ,SELVA
10402,AMAZONAS,CONDORCANQUI,EL CENEPA,SELVA
10403,AMAZONAS,CONDORCANQUI,RIO SANTIAGO,SELVA
10501,AMAZONAS,LUYA,LAMUD,SIERRA
10502,AMAZONAS,LUYA,CAMPORREDONDO,SELVA
10503,AMAZONAS,LUYA,COCABAMBA,SELVA
10504,AMAZONAS,LUYA,COLCAMAR,SIERRA
10505,AMAZONAS,LUYA,CONILA,SELVA
10506,AMAZONAS,LUYA,INGUILPATA,SIERRA
10507,AMAZONAS,LUYA,LONGUITA,SELVA
10508,AMAZONAS,LUYA,LONYA CHICO,SIERRA
10509,AMAZONAS,LUYA,LUYA,SIERRA
10510,AMAZONAS,LUYA,LUYA VIEJO,SIERRA
10511,AMAZONAS,LUYA,MARIA,SELVA
10512,AMAZONAS,LUYA,OCALLI,SELVA
10513,AMAZONAS,LUYA,OCUMAL,SELVA
10514,AMAZONAS,LUYA,PISUQUIA,SIERRA
10515,AMAZONAS,LUYA,PROVIDENCIA,SIERRA
10516,AMAZONAS,LUYA,SAN CRISTOBAL,SIERRA
10517,AMAZONAS,LUYA,SAN FRANCISCO DEL YESO,SIERRA
10518,AMAZONAS,LUYA,SAN JERONIMO,SIERRA
10519,AMAZONAS,LUYA,SAN JUAN DE LOPECANCHA,SELVA
10520,AMAZONAS,LUYA,SANTA CATALINA,SIERRA
10521,AMAZONAS,LUYA,SANTO TOMAS,SELVA
10522,AMAZONAS,LUYA,TINGO,SIERRA
10523,AMAZONAS,LUYA,TRITA,SIERRA
10601,AMAZONAS,RODRIGUEZ DE MENDOZA,SAN NICOLAS,SELVA
10602,AMAZONAS,RODRIGUEZ DE MENDOZA,CHIRIMOTO,SELVA
10603,AMAZONAS,RODRIGUEZ DE MENDOZA,COCHAMAL,SELVA
10604,AMAZONAS,RODRIGUEZ DE MENDOZA,HUAMBO,SELVA
10605,AMAZONAS,RODRIGUEZ DE MENDOZA,LIMABAMBA,SELVA
10606,AMAZONAS,RODRIGUEZ DE MENDOZA,LONGAR,SELVA
10607,AMAZONAS,RODRIGUEZ DE MENDOZA,MARISCAL BENAVIDES,SELVA
10608,AMAZONAS,RODRIGUEZ DE MENDOZA,MILPUC,SELVA
10609,AMAZONAS,RODRIGUEZ DE MENDOZA,OMIA,SELVA
10610,AMAZONAS,RODRIGUEZ DE MENDOZA,SANTA ROSA,SELVA
10611,AMAZONAS,RODRIGUEZ DE MENDOZA,TOTORA,SELVA
10612,AMAZONAS,RODRIGUEZ DE MENDOZA,VISTA ALEGRE,SELVA
10701,AMAZONAS,UTCUBAMBA,BAGUA GRANDE,SIERRA
10702,AMAZONAS,UTCUBAMBA,CAJARURO,SELVA
10702,AMAZONAS,UTCUBAMBA,CAJARURO ,SELVA
10703,AMAZONAS,UTCUBAMBA,CUMBA,SIERRA
10704,AMAZONAS,UTCUBAMBA,EL MILAGRO,SIERRA
10705,AMAZONAS,UTCUBAMBA,JAMALCA,SIERRA
10706,AMAZONAS,UTCUBAMBA,LONYA GRANDE,SELVA
10707,AMAZONAS,UTCUBAMBA,YAMON,SIERRA
20101,ANCASH,HUARAZ,HUARAZ,SIERRA
20102,ANCASH,HUARAZ,COCHABAMBA,SIERRA
20103,ANCASH,HUARAZ,COLCABAMBA,SIERRA
20104,ANCASH,HUARAZ,HUANCHAY,SIERRA
20105,ANCASH,HUARAZ,INDEPENDENCIA,SIERRA
20106,ANCASH,HUARAZ,JANGAS,SIERRA
20107,ANCASH,HUARAZ,LA LIBERTAD,SIERRA
20108,ANCASH,HUARAZ,OLLEROS,SIERRA
20109,ANCASH,HUARAZ,PAMPAS,SIERRA
20109,ANCASH,HUARAZ,PAMPAS GRANDE,SIERRA
20110,ANCASH,HUARAZ,PARIACOTO,SIERRA
20111,ANCASH,HUARAZ,PIRA,SIERRA
20112,ANCASH,HUARAZ,TARICA,SIERRA
20201,ANCASH,AIJA,AIJA,SIERRA
20202,ANCASH,AIJA,CORIS,SIERRA
20203,ANCASH,AIJA,HUACLLAN,SIERRA
20204,ANCASH,AIJA,LA MERCED,SIERRA
20205,ANCASH,AIJA,SUCCHA,SIERRA
20301,ANCASH,ANTONIO RAYMONDI,LLAMELLIN,SIERRA
20302,ANCASH,ANTONIO RAYMONDI,ACZO,SIERRA
20303,ANCASH,ANTONIO RAYMONDI,CHACCHO,SIERRA
20304,ANCASH,ANTONIO RAYMONDI,CHINGAS,SIERRA
20305,ANCASH,ANTONIO RAYMONDI,MIRGAS,SIERRA
20306,ANCASH,ANTONIO RAYMONDI,SAN JUAN DE RONTOY,SIERRA
20401,ANCASH,ASUNCION,CHACAS,SIERRA
20402,ANCASH,ASUNCION,ACOCHACA,SIERRA
20501,ANCASH,BOLOGNESI,CHIQUIAN,SIERRA
20502,ANCASH,BOLOGNESI,ABELARDO PARDO LEZAMETA,SIERRA
20503,ANCASH,BOLOGNESI,ANTONIO RAYMONDI,SIERRA
20504,ANCASH,BOLOGNESI,AQUIA,SIERRA
20505,ANCASH,BOLOGNESI,CAJACAY,SIERRA
20506,ANCASH,BOLOGNESI,CANIS,SIERRA
20507,ANCASH,BOLOGNESI,COLQUIOC,COSTA
20508,ANCASH,BOLOGNESI,HUALLANCA,SIERRA
20509,ANCASH,BOLOGNESI,HUASTA,SIERRA
20510,ANCASH,BOLOGNESI,HUAYLLACAYAN,SIERRA
20511,ANCASH,BOLOGNESI,LA PRIMAVERA,SIERRA
20512,ANCASH,BOLOGNESI,MANGAS,SIERRA
20513,ANCASH,BOLOGNESI,PACLLON,SIERRA
20514,ANCASH,BOLOGNESI,SAN MIGUEL DE CORPANQUI,SIERRA
20515,ANCASH,BOLOGNESI,TICLLOS,SIERRA
20601,ANCASH,CARHUAZ,CARHUAZ,SIERRA
20602,ANCASH,CARHUAZ,ACOPAMPA,SIERRA
20603,ANCASH,CARHUAZ,AMASHCA,SIERRA
20604,ANCASH,CARHUAZ,ANTA,SIERRA
20605,ANCASH,CARHUAZ,ATAQUERO,SIERRA
20606,ANCASH,CARHUAZ,MARCARA,SIERRA
20607,ANCASH,CARHUAZ,PARIAHUANCA,SIERRA
20608,ANCASH,CARHUAZ,SAN MIGUEL DE ACO,SIERRA
20609,ANCASH,CARHUAZ,SHILLA,SIERRA
20610,ANCASH,CARHUAZ,TINCO,SIERRA
20611,ANCASH,CARHUAZ,YUNGAR,SIERRA
20701,ANCASH,CARLOS FERMIN FITZCARRALD,SAN LUIS,SIERRA
20701,ANCASH,CARLOS F. FITZCARRALD,SAN LUIS,SIERRA
20702,ANCASH,CARLOS F. FITZCARRALD,SAN NICOLAS,SIERRA
20702,ANCASH,CARLOS FERMIN FITZCARRALD,SAN NICOLAS,SIERRA
20703,ANCASH,CARLOS FERMIN FITZCARRALD,YAUYA,SIERRA
20703,ANCASH,CARLOS F. FITZCARRALD,YAUYA,SIERRA
20801,ANCASH,CASMA,CASMA,COSTA
20802,ANCASH,CASMA,BUENA VISTA ALTA,COSTA
20803,ANCASH,CASMA,COMANDANTE NOEL,COSTA
20804,ANCASH,CASMA,YAUTAN,COSTA
20901,ANCASH,CORONGO,CORONGO,SIERRA
20902,ANCASH,CORONGO,ACO,SIERRA
20903,ANCASH,CORONGO,BAMBAS,SIERRA
20904,ANCASH,CORONGO,CUSCA,SIERRA
20905,ANCASH,CORONGO,LA PAMPA,SIERRA
20906,ANCASH,CORONGO,YANAC,SIERRA
20907,ANCASH,CORONGO,YUPAN,SIERRA
21001,ANCASH,HUARI,HUARI,SIERRA
21002,ANCASH,HUARI,ANRA,SIERRA
21003,ANCASH,HUARI,CAJAY,SIERRA
21004,ANCASH,HUARI,CHAVIN DE HUANTAR,SIERRA
21005,ANCASH,HUARI,HUACACHI,SIERRA
21006,ANCASH,HUARI,HUACCHIS,SIERRA
21007,ANCASH,HUARI,HUACHIS,SIERRA
21008,ANCASH,HUARI,HUANTAR,SIERRA
21009,ANCASH,HUARI,MASIN,SIERRA
21010,ANCASH,HUARI,PAUCAS,SIERRA
21011,ANCASH,HUARI,PONTO,SIERRA
21012,ANCASH,HUARI,RAHUAPAMPA,SIERRA
21013,ANCASH,HUARI,RAPAYAN,SIERRA
21014,ANCASH,HUARI,SAN MARCOS,SIERRA
21015,ANCASH,HUARI,SAN PEDRO DE CHANA,SIERRA
21016,ANCASH,HUARI,UCO,SIERRA
21101,ANCASH,HUARMEY,HUARMEY,COSTA
21102,ANCASH,HUARMEY,COCHAPETI,COSTA
21103,ANCASH,HUARMEY,CULEBRAS,COSTA
21104,ANCASH,HUARMEY,HUAYAN,COSTA
21105,ANCASH,HUARMEY,MALVAS,COSTA
21201,ANCASH,HUAYLAS,CARAZ,SIERRA
21202,ANCASH,HUAYLAS,HUALLANCA,SIERRA
21203,ANCASH,HUAYLAS,HUATA,SIERRA
21204,ANCASH,HUAYLAS,HUAYLAS,SIERRA
21205,ANCASH,HUAYLAS,MATO,SIERRA
21206,ANCASH,HUAYLAS,PAMPAROMAS,SIERRA
21207,ANCASH,HUAYLAS,PUEBLO LIBRE,SIERRA
21208,ANCASH,HUAYLAS,SANTA CRUZ,SIERRA
21209,ANCASH,HUAYLAS,SANTO TORIBIO,SIERRA
21210,ANCASH,HUAYLAS,YURACMARCA,SIERRA
21301,ANCASH,MARISCAL LUZURIAGA,PISCOBAMBA,SIERRA
21302,ANCASH,MARISCAL LUZURIAGA,CASCA,SIERRA
21303,ANCASH,MARISCAL LUZURIAGA,ELEAZAR GUZMAN BARRON,SIERRA
21304,ANCASH,MARISCAL LUZURIAGA,FIDEL OLIVAS ESCUDERO,SIERRA
21305,ANCASH,MARISCAL LUZURIAGA,LLAMA,SIERRA
21306,ANCASH,MARISCAL LUZURIAGA,LLUMPA,SIERRA
21307,ANCASH,MARISCAL LUZURIAGA,LUCMA,SIERRA
21308,ANCASH,MARISCAL LUZURIAGA,MUSGA,SIERRA
21401,ANCASH,OCROS,OCROS,SIERRA
21402,ANCASH,OCROS,ACAS,SIERRA
21403,ANCASH,OCROS,CAJAMARQUILLA,SIERRA
21404,ANCASH,OCROS,CARHUAPAMPA,SIERRA
21405,ANCASH,OCROS,COCHAS,COSTA
21406,ANCASH,OCROS,CONGAS,SIERRA
21407,ANCASH,OCROS,LLIPA,SIERRA
21408,ANCASH,OCROS,SAN CRISTOBAL DE RAJAN,SIERRA
21409,ANCASH,OCROS,SAN PEDRO,COSTA
21410,ANCASH,OCROS,SANTIAGO DE CHILCAS,SIERRA
21501,ANCASH,PALLASCA,CABANA,SIERRA
21502,ANCASH,PALLASCA,BOLOGNESI,SIERRA
21503,ANCASH,PALLASCA,CONCHUCOS,SIERRA
21504,ANCASH,PALLASCA,HUACASCHUQUE,SIERRA
21505,ANCASH,PALLASCA,HUANDOVAL,SIERRA
21506,ANCASH,PALLASCA,LACABAMBA,SIERRA
21507,ANCASH,PALLASCA,LLAPO,SIERRA
21508,ANCASH,PALLASCA,PALLASCA,SIERRA
21509,ANCASH,PALLASCA,PAMPAS,SIERRA
21510,ANCASH,PALLASCA,SANTA ROSA,SIERRA
21511,ANCASH,PALLASCA,TAUCA,SIERRA
21601,ANCASH,POMABAMBA,POMABAMBA,SIERRA
21602,ANCASH,POMABAMBA,HUAYLLAN,SIERRA
21603,ANCASH,POMABAMBA,PAROBAMBA,SIERRA
21604,ANCASH,POMABAMBA,QUINUABAMBA,SIERRA
21701,ANCASH,RECUAY,RECUAY,SIERRA
21702,ANCASH,RECUAY,CATAC,SIERRA
21703,ANCASH,RECUAY,COTAPARACO,SIERRA
21704,ANCASH,RECUAY,HUAYLLAPAMPA,SIERRA
21705,ANCASH,RECUAY,LLACLLIN,SIERRA
21706,ANCASH,RECUAY,MARCA,SIERRA
21707,ANCASH,RECUAY,PAMPAS CHICO,SIERRA
21708,ANCASH,RECUAY,PARARIN,COSTA
21709,ANCASH,RECUAY,TAPACOCHA,SIERRA
21710,ANCASH,RECUAY,TICAPAMPA,SIERRA
21801,ANCASH,SANTA,CHIMBOTE,COSTA
21802,ANCASH,SANTA,CACERES DEL PERU,SIERRA
21803,ANCASH,SANTA,COISHCO,COSTA
21804,ANCASH,SANTA,MACATE,SIERRA
21805,ANCASH,SANTA,MORO,SIERRA
21806,ANCASH,SANTA,NEPEÑA,COSTA
21807,ANCASH,SANTA,SAMANCO,COSTA
21808,ANCASH,SANTA,SANTA,COSTA
21809,ANCASH,SANTA,NUEVO CHIMBOTE,COSTA
21901,ANCASH,SIHUAS,SIHUAS,SIERRA
21902,ANCASH,SIHUAS,ACOBAMBA,SIERRA
21903,ANCASH,SIHUAS,ALFONSO UGARTE,SIERRA
21904,ANCASH,SIHUAS,CASHAPAMPA,SIERRA
21905,ANCASH,SIHUAS,CHINGALPO,SIERRA
21906,ANCASH,SIHUAS,HUAYLLABAMBA,SIERRA
21907,ANCASH,SIHUAS,QUICHES,SIERRA
21908,ANCASH,SIHUAS,RAGASH,SIERRA
21909,ANCASH,SIHUAS,SAN JUAN,SIERRA
21910,ANCASH,SIHUAS,SICSIBAMBA,SIERRA
22001,ANCASH,YUNGAY,YUNGAY,SIERRA
22002,ANCASH,YUNGAY,CASCAPARA,SIERRA
22003,ANCASH,YUNGAY,MANCOS,SIERRA
22004,ANCASH,YUNGAY,MATACOTO,SIERRA
22005,ANCASH,YUNGAY,QUILLO,SIERRA
22006,ANCASH,YUNGAY,RANRAHIRCA,SIERRA
22007,ANCASH,YUNGAY,SHUPLUY,SIERRA
22008,ANCASH,YUNGAY,YANAMA,SIERRA
30101,APURIMAC,ABANCAY,ABANCAY,SIERRA
30102,APURIMAC,ABANCAY,CHACOCHE,SIERRA
30103,APURIMAC,ABANCAY,CIRCA,SIERRA
30104,APURIMAC,ABANCAY,CURAHUASI,SIERRA
30105,APURIMAC,ABANCAY,HUANIPACA,SIERRA
30106,APURIMAC,ABANCAY,LAMBRAMA,SIERRA
30107,APURIMAC,ABANCAY,PICHIRHUA,SIERRA
30108,APURIMAC,ABANCAY,SAN PEDRO DE CACHORA,SIERRA
30109,APURIMAC,ABANCAY,TAMBURCO,SIERRA
30201,APURIMAC,ANDAHUAYLAS,ANDAHUAYLAS,SIERRA
30201,APURIMAC,ANDAHUAYLAS,ANDAHUAYLAS  ,SIERRA
30202,APURIMAC,ANDAHUAYLAS,ANDARAPA,SIERRA
30203,APURIMAC,ANDAHUAYLAS,CHIARA,SIERRA
30204,APURIMAC,ANDAHUAYLAS,HUANCARAMA,SIERRA
30205,APURIMAC,ANDAHUAYLAS,HUANCARAY,SIERRA
30206,APURIMAC,ANDAHUAYLAS,HUAYANA,SIERRA
30207,APURIMAC,ANDAHUAYLAS,KISHUARA,SIERRA
30208,APURIMAC,ANDAHUAYLAS,PACOBAMBA,SIERRA
30209,APURIMAC,ANDAHUAYLAS,PACUCHA,SIERRA
30210,APURIMAC,ANDAHUAYLAS,PAMPACHIRI,SIERRA
30211,APURIMAC,ANDAHUAYLAS,POMACOCHA,SIERRA
30212,APURIMAC,ANDAHUAYLAS,SAN ANTONIO DE CACHI,SIERRA
30213,APURIMAC,ANDAHUAYLAS,SAN JERONIMO,SIERRA
30214,APURIMAC,ANDAHUAYLAS,SAN MIGUEL DE CHACCRAMPA,SIERRA
30215,APURIMAC,ANDAHUAYLAS,SANTA MARIA DE CHICMO,SIERRA
30216,APURIMAC,ANDAHUAYLAS,TALAVERA,SIERRA
30217,APURIMAC,ANDAHUAYLAS,TUMAY HUARACA,SIERRA
30218,APURIMAC,ANDAHUAYLAS,TURPO,SIERRA
30219,APURIMAC,ANDAHUAYLAS,KAQUIABAMBA,SIERRA
30220,APURIMAC,ANDAHUAYLAS,JOSE MARIA ARGUEDAS  ,SIERRA
30220,APURIMAC,ANDAHUAYLAS,JOSE MARIA ARGUEDAS,SIERRA
30220,APURIMAC,ANDAHUAYLAS,JOSÉ MARÍA ARGUEDAS,SIERRA
30301,APURIMAC,ANTABAMBA,ANTABAMBA,SIERRA
30302,APURIMAC,ANTABAMBA,EL ORO,SIERRA
30303,APURIMAC,ANTABAMBA,HUAQUIRCA,SIERRA
30304,APURIMAC,ANTABAMBA,JUAN ESPINOZA MEDRANO,SIERRA
30305,APURIMAC,ANTABAMBA,OROPESA,SIERRA
30306,APURIMAC,ANTABAMBA,PACHACONAS,SIERRA
30307,APURIMAC,ANTABAMBA,SABAINO,SIERRA
30401,APURIMAC,AYMARAES,CHALHUANCA,SIERRA
30402,APURIMAC,AYMARAES,CAPAYA,SIERRA
30403,APURIMAC,AYMARAES,CARAYBAMBA,SIERRA
30404,APURIMAC,AYMARAES,CHAPIMARCA,SIERRA
30405,APURIMAC,AYMARAES,COLCABAMBA,SIERRA
30406,APURIMAC,AYMARAES,COTARUSE,SIERRA
30407,APURIMAC,AYMARAES,IHUAYLLO,SIERRA
30407,APURIMAC,AYMARAES,HUAYLLO,SIERRA
30408,APURIMAC,AYMARAES,JUSTO APU SAHUARAURA,SIERRA
30409,APURIMAC,AYMARAES,LUCRE,SIERRA
30410,APURIMAC,AYMARAES,POCOHUANCA,SIERRA
30411,APURIMAC,AYMARAES,SAN JUAN DE CHACÑA,SIERRA
30412,APURIMAC,AYMARAES,SAÑAYCA,SIERRA
30413,APURIMAC,AYMARAES,SORAYA,SIERRA
30414,APURIMAC,AYMARAES,TAPAIRIHUA,SIERRA
30415,APURIMAC,AYMARAES,TINTAY,SIERRA
30416,APURIMAC,AYMARAES,TORAYA,SIERRA
30417,APURIMAC,AYMARAES,YANACA,SIERRA
30501,APURIMAC,COTABAMBAS,TAMBOBAMBA,SIERRA
30502,APURIMAC,COTABAMBAS,COTABAMBAS,SIERRA
30503,APURIMAC,COTABAMBAS,COYLLURQUI,SIERRA
30504,APURIMAC,COTABAMBAS,HAQUIRA,SIERRA
30505,APURIMAC,COTABAMBAS,MARA,SIERRA
30506,APURIMAC,COTABAMBAS,CHALLHUAHUACHO,SIERRA
30601,APURIMAC,CHINCHEROS,CHINCHEROS,SIERRA
30602,APURIMAC,CHINCHEROS,ANCO-HUALLO,SIERRA
30603,APURIMAC,CHINCHEROS,COCHARCAS,SIERRA
30604,APURIMAC,CHINCHEROS,HUACCANA,SIERRA
30605,APURIMAC,CHINCHEROS,OCOBAMBA,SIERRA
30606,APURIMAC,CHINCHEROS,ONGOY     ,SIERRA
30606,APURIMAC,CHINCHEROS,ONGOY,SIERRA
30607,APURIMAC,CHINCHEROS,URANMARCA,SIERRA
30608,APURIMAC,CHINCHEROS,RANRACANCHA,SIERRA
30609,APURIMAC,CHINCHEROS,ROCCHACC,SIERRA
30609,APURIMAC,CHINCHEROS,ROCCHACC   ,SIERRA
30610,APURIMAC,CHINCHEROS,EL PORVENIR   ,SIERRA
30610,APURIMAC,CHINCHEROS,EL PORVENIR,SIERRA
30611,APURIMAC,CHINCHEROS,LOS CHANKAS  ,SIERRA
30611,APURIMAC,CHINCHEROS,LOS CHANKAS,SIERRA
30612,APURIMAC,CHINCHEROS,AHUAYRO,SIERRA
30701,APURIMAC,GRAU,CHUQUIBAMBILLA,SIERRA
30702,APURIMAC,GRAU,CURPAHUASI,SIERRA
30703,APURIMAC,GRAU,GAMARRA,SIERRA
30704,APURIMAC,GRAU,HUAYLLATI,SIERRA
30705,APURIMAC,GRAU,MAMARA,SIERRA
30706,APURIMAC,GRAU,MICAELA BASTIDAS,SIERRA
30707,APURIMAC,GRAU,PATAYPAMPA,SIERRA
30708,APURIMAC,GRAU,PROGRESO,SIERRA
30709,APURIMAC,GRAU,SAN ANTONIO,SIERRA
30710,APURIMAC,GRAU,SANTA ROSA,SIERRA
30711,APURIMAC,GRAU,TURPAY,SIERRA
30712,APURIMAC,GRAU,VILCABAMBA,SIERRA
30713,APURIMAC,GRAU,VIRUNDO,SIERRA
30714,APURIMAC,GRAU,CURASCO,SIERRA
40101,AREQUIPA,AREQUIPA,AREQUIPA,SIERRA
40102,AREQUIPA,AREQUIPA,ALTO SELVA ALEGRE,SIERRA
40103,AREQUIPA,AREQUIPA,CAYMA,SIERRA
40104,AREQUIPA,AREQUIPA,CERRO COLORADO,SIERRA
40104,AREQUIPA,AREQUIPA,CERRO COLORADO ,SIERRA
40105,AREQUIPA,AREQUIPA,CHARACATO,SIERRA
40106,AREQUIPA,AREQUIPA,CHIGUATA,SIERRA
40107,AREQUIPA,AREQUIPA,JACOBO HUNTER,SIERRA
40108,AREQUIPA,AREQUIPA,LA JOYA,SIERRA
40109,AREQUIPA,AREQUIPA,MARIANO MELGAR,SIERRA
40110,AREQUIPA,AREQUIPA,MIRAFLORES,SIERRA
40111,AREQUIPA,AREQUIPA,MOLLEBAYA,SIERRA
40112,AREQUIPA,AREQUIPA,PAUCARPATA,SIERRA
40113,AREQUIPA,AREQUIPA,POCSI,SIERRA
40114,AREQUIPA,AREQUIPA,POLOBAYA,SIERRA
40115,AREQUIPA,AREQUIPA,QUEQUEÑA,SIERRA
40116,AREQUIPA,AREQUIPA,SABANDIA,SIERRA
40117,AREQUIPA,AREQUIPA,SACHACA,SIERRA
40118,AREQUIPA,AREQUIPA,SAN JUAN DE SIGUAS,COSTA
40119,AREQUIPA,AREQUIPA,SAN JUAN DE TARUCANI,SIERRA
40120,AREQUIPA,AREQUIPA,SANTA ISABEL DE SIGUAS,COSTA
40121,AREQUIPA,AREQUIPA,SANTA RITA DE SIGUAS,COSTA
40122,AREQUIPA,AREQUIPA,SOCABAYA,SIERRA
40123,AREQUIPA,AREQUIPA,TIABAYA,SIERRA
40124,AREQUIPA,AREQUIPA,UCHUMAYO,SIERRA
40125,AREQUIPA,AREQUIPA,VITOR  ,COSTA
40125,AREQUIPA,AREQUIPA,VITOR,COSTA
40126,AREQUIPA,AREQUIPA,YANAHUARA,SIERRA
40127,AREQUIPA,AREQUIPA,YARABAMBA,SIERRA
40128,AREQUIPA,AREQUIPA,YURA,SIERRA
40129,AREQUIPA,AREQUIPA,JOSE LUIS BUSTAMANTE Y RIVERO,SIERRA
40201,AREQUIPA,CAMANA,CAMANA,COSTA
40202,AREQUIPA,CAMANA,JOSE MARIA QUIMPER,COSTA
40203,AREQUIPA,CAMANA,MARIANO NICOLAS VALCARCEL,COSTA
40204,AREQUIPA,CAMANA,MARISCAL CACERES,COSTA
40205,AREQUIPA,CAMANA,NICOLAS DE PIEROLA,COSTA
40206,AREQUIPA,CAMANA,OCOÑA,COSTA
40207,AREQUIPA,CAMANA,QUILCA,COSTA
40208,AREQUIPA,CAMANA,SAMUEL PASTOR,COSTA
40301,AREQUIPA,CARAVELI,CARAVELI,SIERRA
40302,AREQUIPA,CARAVELI,ACARI,COSTA
40303,AREQUIPA,CARAVELI,ATICO,COSTA
40304,AREQUIPA,CARAVELI,ATIQUIPA,COSTA
40305,AREQUIPA,CARAVELI,BELLA UNION,COSTA
40306,AREQUIPA,CARAVELI,CAHUACHO,SIERRA
40307,AREQUIPA,CARAVELI,CHALA,COSTA
40308,AREQUIPA,CARAVELI,CHAPARRA,COSTA
40309,AREQUIPA,CARAVELI,HUANUHUANU,SIERRA
40310,AREQUIPA,CARAVELI,JAQUI,SIERRA
40311,AREQUIPA,CARAVELI,LOMAS,COSTA
40312,AREQUIPA,CARAVELI,QUICACHA,SIERRA
40313,AREQUIPA,CARAVELI,YAUCA,COSTA
40401,AREQUIPA,CASTILLA,APLAO,COSTA
40402,AREQUIPA,CASTILLA,ANDAGUA,SIERRA
40403,AREQUIPA,CASTILLA,AYO,SIERRA
40404,AREQUIPA,CASTILLA,CHACHAS,SIERRA
40405,AREQUIPA,CASTILLA,CHILCAYMARCA,SIERRA
40406,AREQUIPA,CASTILLA,CHOCO,SIERRA
40407,AREQUIPA,CASTILLA,HUANCARQUI,COSTA
40408,AREQUIPA,CASTILLA,MACHAGUAY,SIERRA
40409,AREQUIPA,CASTILLA,ORCOPAMPA,SIERRA
40410,AREQUIPA,CASTILLA,PAMPACOLCA,SIERRA
40411,AREQUIPA,CASTILLA,TIPAN,SIERRA
40412,AREQUIPA,CASTILLA,UÑON,SIERRA
40413,AREQUIPA,CASTILLA,URACA,COSTA
40414,AREQUIPA,CASTILLA,VIRACO,SIERRA
40501,AREQUIPA,CAYLLOMA,CHIVAY,SIERRA
40502,AREQUIPA,CAYLLOMA,ACHOMA,SIERRA
40503,AREQUIPA,CAYLLOMA,CABANACONDE,SIERRA
40504,AREQUIPA,CAYLLOMA,CALLALLI,SIERRA
40505,AREQUIPA,CAYLLOMA,CAYLLOMA,SIERRA
40506,AREQUIPA,CAYLLOMA,COPORAQUE,SIERRA
40507,AREQUIPA,CAYLLOMA,HUAMBO,SIERRA
40508,AREQUIPA,CAYLLOMA,HUANCA,SIERRA
40509,AREQUIPA,CAYLLOMA,ICHUPAMPA,SIERRA
40510,AREQUIPA,CAYLLOMA,LARI,SIERRA
40511,AREQUIPA,CAYLLOMA,LLUTA,SIERRA
40512,AREQUIPA,CAYLLOMA,MACA,SIERRA
40513,AREQUIPA,CAYLLOMA,MADRIGAL,SIERRA
40514,AREQUIPA,CAYLLOMA,SAN ANTONIO DE CHUCA ,SIERRA
40514,AREQUIPA,CAYLLOMA,SAN ANTONIO DE CHUCA,SIERRA
40515,AREQUIPA,CAYLLOMA,SIBAYO,SIERRA
40516,AREQUIPA,CAYLLOMA,TAPAY,SIERRA
40517,AREQUIPA,CAYLLOMA,TISCO,SIERRA
40518,AREQUIPA,CAYLLOMA,TUTI,SIERRA
40519,AREQUIPA,CAYLLOMA,YANQUE,SIERRA
40520,AREQUIPA,CAYLLOMA,MAJES,COSTA
40601,AREQUIPA,CONDESUYOS,CHUQUIBAMBA,COSTA
40602,AREQUIPA,CONDESUYOS,ANDARAY,SIERRA
40603,AREQUIPA,CONDESUYOS,CAYARANI,SIERRA
40604,AREQUIPA,CONDESUYOS,CHICHAS,SIERRA
40605,AREQUIPA,CONDESUYOS,IRAY,COSTA
40606,AREQUIPA,CONDESUYOS,RIO GRANDE,SIERRA
40607,AREQUIPA,CONDESUYOS,SALAMANCA,SIERRA
40608,AREQUIPA,CONDESUYOS,YANAQUIHUA,SIERRA
40701,AREQUIPA,ISLAY,MOLLENDO,COSTA
40702,AREQUIPA,ISLAY,COCACHACRA,COSTA
40703,AREQUIPA,ISLAY,DEAN VALDIVIA,COSTA
40704,AREQUIPA,ISLAY,ISLAY,COSTA
40705,AREQUIPA,ISLAY,MEJIA,COSTA
40706,AREQUIPA,ISLAY,PUNTA DE BOMBON,COSTA
40801,AREQUIPA,LA UNION,COTAHUASI,SIERRA
40802,AREQUIPA,LA UNION,ALCA,SIERRA
40803,AREQUIPA,LA UNION,CHARCANA,SIERRA
40804,AREQUIPA,LA UNION,HUAYNACOTAS,SIERRA
40805,AREQUIPA,LA UNION,PAMPAMARCA,SIERRA
40806,AREQUIPA,LA UNION,PUYCA,SIERRA
40807,AREQUIPA,LA UNION,QUECHUALLA,SIERRA
40808,AREQUIPA,LA UNION,SAYLA,SIERRA
40809,AREQUIPA,LA UNION,TAURIA,SIERRA
40810,AREQUIPA,LA UNION,TOMEPAMPA,SIERRA
40811,AREQUIPA,LA UNION,TORO,SIERRA
50101,AYACUCHO,HUAMANGA,AYACUCHO   ,SIERRA
50101,AYACUCHO,HUAMANGA,AYACUCHO,SIERRA
50102,AYACUCHO,HUAMANGA,ACOCRO,SIERRA
50103,AYACUCHO,HUAMANGA,ACOS VINCHOS,SIERRA
50104,AYACUCHO,HUAMANGA,CARMEN ALTO,SIERRA
50104,AYACUCHO,HUAMANGA,CARMEN ALTO ,SIERRA
50105,AYACUCHO,HUAMANGA,CHIARA,SIERRA
50106,AYACUCHO,HUAMANGA,OCROS,SIERRA
50106,AYACUCHO,HUAMANGA,OCROS   ,SIERRA
50107,AYACUCHO,HUAMANGA,PACAYCASA,SIERRA
50108,AYACUCHO,HUAMANGA,QUINUA,SIERRA
50109,AYACUCHO,HUAMANGA,SAN JOSE DE TICLLAS,SIERRA
50110,AYACUCHO,HUAMANGA,SAN JUAN BAUTISTA,SIERRA
50111,AYACUCHO,HUAMANGA,SANTIAGO DE PISCHA,SIERRA
50112,AYACUCHO,HUAMANGA,SOCOS,SIERRA
50113,AYACUCHO,HUAMANGA,TAMBILLO,SIERRA
50114,AYACUCHO,HUAMANGA,VINCHOS,SIERRA
50115,AYACUCHO,HUAMANGA,JESUS NAZARENO,SIERRA
50116,AYACUCHO,HUAMANGA,ANDRES AVELINO CACERES DORREGARAY   ,SIERRA
50116,AYACUCHO,HUAMANGA,ANDRES AVELINO CACERES DORREGARAY,SIERRA
50201,AYACUCHO,CANGALLO,CANGALLO,SIERRA
50202,AYACUCHO,CANGALLO,CHUSCHI,SIERRA
50203,AYACUCHO,CANGALLO,LOS MOROCHUCOS,SIERRA
50204,AYACUCHO,CANGALLO,MARIA PARADO DE BELLIDO,SIERRA
50205,AYACUCHO,CANGALLO,PARAS,SIERRA
50206,AYACUCHO,CANGALLO,TOTOS,SIERRA
50301,AYACUCHO,HUANCA SANCOS,SANCOS,SIERRA
50302,AYACUCHO,HUANCA SANCOS,CARAPO,SIERRA
50303,AYACUCHO,HUANCA SANCOS,SACSAMARCA,SIERRA
50304,AYACUCHO,HUANCA SANCOS,SANTIAGO DE LUCANAMARCA,SIERRA
50401,AYACUCHO,HUANTA,HUANTA    ,SIERRA
50401,AYACUCHO,HUANTA,HUANTA,SIERRA
50402,AYACUCHO,HUANTA,AYAHUANCO   ,SIERRA
50402,AYACUCHO,HUANTA,AYAHUANCO,SIERRA
50403,AYACUCHO,HUANTA,HUAMANGUILLA,SIERRA
50404,AYACUCHO,HUANTA,IGUAIN,SIERRA
50405,AYACUCHO,HUANTA,LURICOCHA,SIERRA
50406,AYACUCHO,HUANTA,SANTILLANA,SIERRA
50407,AYACUCHO,HUANTA,SIVIA   ,SIERRA
50407,AYACUCHO,HUANTA,SIVIA,SIERRA
50408,AYACUCHO,HUANTA,LLOCHEGUA   ,SIERRA
50408,AYACUCHO,HUANTA,LLOCHEGUA,SIERRA
50409,AYACUCHO,HUANTA,CANAYRE,SIERRA
50409,AYACUCHO,HUANTA,CANAYRE  ,SIERRA
50410,AYACUCHO,HUANTA,UCHURACCAY,SIERRA
50410,AYACUCHO,HUANTA,UCHURACCAY   ,SIERRA
50411,AYACUCHO,HUANTA,PUCACOLPA  ,SIERRA
50411,AYACUCHO,HUANTA,PUCACOLPA,SIERRA
50412,AYACUCHO,HUANTA,CHACA   ,SIERRA
50412,AYACUCHO,HUANTA,CHACA,SIERRA
50413,AYACUCHO,HUANTA,PUTIS,SIERRA
50501,AYACUCHO,LA MAR,SAN MIGUEL,SIERRA
50502,AYACUCHO,LA MAR,ANCO,SIERRA
50503,AYACUCHO,LA MAR,AYNA,SIERRA
50504,AYACUCHO,LA MAR,CHILCAS,SIERRA
50505,AYACUCHO,LA MAR,CHUNGUI  ,SIERRA
50505,AYACUCHO,LA MAR,CHUNGUI,SIERRA
50506,AYACUCHO,LA MAR,LUIS CARRANZA,SIERRA
50507,AYACUCHO,LA MAR,SANTA ROSA,SIERRA
50508,AYACUCHO,LA MAR,TAMBO,SIERRA
50509,AYACUCHO,LA MAR,SAMUGARI,SIERRA
50510,AYACUCHO,LA MAR,ANCHIHUAY  ,SIERRA
50510,AYACUCHO,LA MAR,ANCHIHUAY,SIERRA
50511,AYACUCHO,LA MAR,ORONCCOY,SIERRA
50511,AYACUCHO,LA MAR,ORONCOY,SIERRA
50511,AYACUCHO,LA MAR,ORONCOY  ,SIERRA
50512,AYACUCHO,LA MAR,UNION PROGRESO,SIERRA
50513,AYACUCHO,LA MAR,RIO MAGDALENA,SIERRA
50514,AYACUCHO,LA MAR,NINABAMBA,SIERRA
50515,AYACUCHO,LA MAR,PATIBAMBA,SIERRA
50601,AYACUCHO,LUCANAS,PUQUIO,SIERRA
50602,AYACUCHO,LUCANAS,AUCARA,SIERRA
50603,AYACUCHO,LUCANAS,CABANA,SIERRA
50604,AYACUCHO,LUCANAS,CARMEN SALCEDO,SIERRA
50605,AYACUCHO,LUCANAS,CHAVIÑA,SIERRA
50606,AYACUCHO,LUCANAS,CHIPAO,SIERRA
50607,AYACUCHO,LUCANAS,HUAC-HUAS,SIERRA
50608,AYACUCHO,LUCANAS,LARAMATE,SIERRA
50609,AYACUCHO,LUCANAS,LEONCIO PRADO,SIERRA
50610,AYACUCHO,LUCANAS,LLAUTA,SIERRA
50611,AYACUCHO,LUCANAS,LUCANAS,SIERRA
50612,AYACUCHO,LUCANAS,OCAÑA,SIERRA
50613,AYACUCHO,LUCANAS,OTOCA,SIERRA
50614,AYACUCHO,LUCANAS,SAISA,SIERRA
50615,AYACUCHO,LUCANAS,SAN CRISTOBAL,SIERRA
50616,AYACUCHO,LUCANAS,SAN JUAN,SIERRA
50617,AYACUCHO,LUCANAS,SAN PEDRO,SIERRA
50618,AYACUCHO,LUCANAS,SAN PEDRO DE PALCO,SIERRA
50619,AYACUCHO,LUCANAS,SANCOS,SIERRA
50620,AYACUCHO,LUCANAS,SANTA ANA DE HUAYCAHUACHO,SIERRA
50621,AYACUCHO,LUCANAS,SANTA LUCIA,SIERRA
50701,AYACUCHO,PARINACOCHAS,CORACORA,SIERRA
50702,AYACUCHO,PARINACOCHAS,CHUMPI,SIERRA
50703,AYACUCHO,PARINACOCHAS,CORONEL CASTAÑEDA,SIERRA
50704,AYACUCHO,PARINACOCHAS,PACAPAUSA,SIERRA
50705,AYACUCHO,PARINACOCHAS,PULLO,SIERRA
50706,AYACUCHO,PARINACOCHAS,PUYUSCA,SIERRA
50707,AYACUCHO,PARINACOCHAS,SAN FRANCISCO DE RAVACAYCO,SIERRA
50708,AYACUCHO,PARINACOCHAS,UPAHUACHO,SIERRA
50801,AYACUCHO,PAUCAR DEL SARA SARA,PAUSA,SIERRA
50802,AYACUCHO,PAUCAR DEL SARA SARA,COLTA,SIERRA
50803,AYACUCHO,PAUCAR DEL SARA SARA,CORCULLA,SIERRA
50804,AYACUCHO,PAUCAR DEL SARA SARA,LAMPA,SIERRA
50805,AYACUCHO,PAUCAR DEL SARA SARA,MARCABAMBA,SIERRA
50806,AYACUCHO,PAUCAR DEL SARA SARA,OYOLO,SIERRA
50807,AYACUCHO,PAUCAR DEL SARA SARA,PARARCA,SIERRA
50808,AYACUCHO,PAUCAR DEL SARA SARA,SAN JAVIER DE ALPABAMBA,SIERRA
50809,AYACUCHO,PAUCAR DEL SARA SARA,SAN JOSE DE USHUA,SIERRA
50810,AYACUCHO,PAUCAR DEL SARA SARA,SARA SARA,SIERRA
50901,AYACUCHO,SUCRE,QUEROBAMBA,SIERRA
50902,AYACUCHO,SUCRE,BELEN,SIERRA
50903,AYACUCHO,SUCRE,CHALCOS,SIERRA
50904,AYACUCHO,SUCRE,CHILCAYOC,SIERRA
50905,AYACUCHO,SUCRE,HUACAÑA,SIERRA
50906,AYACUCHO,SUCRE,MORCOLLA,SIERRA
50907,AYACUCHO,SUCRE,PAICO,SIERRA
50908,AYACUCHO,SUCRE,SAN PEDRO DE LARCAY,SIERRA
50909,AYACUCHO,SUCRE,SAN SALVADOR DE QUIJE,SIERRA
50910,AYACUCHO,SUCRE,SANTIAGO DE PAUCARAY,SIERRA
50911,AYACUCHO,SUCRE,SORAS,SIERRA
51001,AYACUCHO,VICTOR FAJARDO,HUANCAPI,SIERRA
51002,AYACUCHO,VICTOR FAJARDO,ALCAMENCA,SIERRA
51003,AYACUCHO,VICTOR FAJARDO,APONGO,SIERRA
51004,AYACUCHO,VICTOR FAJARDO,ASQUIPATA,SIERRA
51005,AYACUCHO,VICTOR FAJARDO,CANARIA,SIERRA
51006,AYACUCHO,VICTOR FAJARDO,CAYARA,SIERRA
51007,AYACUCHO,VICTOR FAJARDO,COLCA,SIERRA
51008,AYACUCHO,VICTOR FAJARDO,HUAMANQUIQUIA,SIERRA
51009,AYACUCHO,VICTOR FAJARDO,HUANCARAYLLA,SIERRA
51010,AYACUCHO,VICTOR FAJARDO,HUALLA,SIERRA
51010,AYACUCHO,VICTOR FAJARDO,HUAYA,SIERRA
51011,AYACUCHO,VICTOR FAJARDO,SARHUA,SIERRA
51012,AYACUCHO,VICTOR FAJARDO,VILCANCHOS,SIERRA
51101,AYACUCHO,VILCAS HUAMAN,VILCAS HUAMAN,SIERRA
51102,AYACUCHO,VILCAS HUAMAN,ACCOMARCA,SIERRA
51103,AYACUCHO,VILCAS HUAMAN,CARHUANCA,SIERRA
51104,AYACUCHO,VILCAS HUAMAN,CONCEPCION,SIERRA
51105,AYACUCHO,VILCAS HUAMAN,HUAMBALPA,SIERRA
51106,AYACUCHO,VILCAS HUAMAN,INDEPENDENCIA,SIERRA
51107,AYACUCHO,VILCAS HUAMAN,SAURAMA,SIERRA
51108,AYACUCHO,VILCAS HUAMAN,VISCHONGO,SIERRA
60101,CAJAMARCA,CAJAMARCA,CAJAMARCA,SIERRA
60102,CAJAMARCA,CAJAMARCA,ASUNCION,SIERRA
60103,CAJAMARCA,CAJAMARCA,CHETILLA,SIERRA
60104,CAJAMARCA,CAJAMARCA,COSPAN,SIERRA
60105,CAJAMARCA,CAJAMARCA,ENCAÑADA,SIERRA
60106,CAJAMARCA,CAJAMARCA,JESUS,SIERRA
60107,CAJAMARCA,CAJAMARCA,LLACANORA,SIERRA
60108,CAJAMARCA,CAJAMARCA,LOS BAÑOS DEL INCA,SIERRA
60109,CAJAMARCA,CAJAMARCA,MAGDALENA,SIERRA
60110,CAJAMARCA,CAJAMARCA,MATARA,SIERRA
60111,CAJAMARCA,CAJAMARCA,NAMORA,SIERRA
60112,CAJAMARCA,CAJAMARCA,SAN JUAN,SIERRA
60201,CAJAMARCA,CAJABAMBA,CAJABAMBA,SIERRA
60202,CAJAMARCA,CAJABAMBA,CACHACHI,SIERRA
60203,CAJAMARCA,CAJABAMBA,CONDEBAMBA,SIERRA
60204,CAJAMARCA,CAJABAMBA,SITACOCHA,SIERRA
60301,CAJAMARCA,CELENDIN,CELENDIN,SIERRA
60302,CAJAMARCA,CELENDIN,CHUMUCH,SIERRA
60303,CAJAMARCA,CELENDIN,CORTEGANA,SIERRA
60304,CAJAMARCA,CELENDIN,HUASMIN,SIERRA
60305,CAJAMARCA,CELENDIN,JORGE CHAVEZ,SIERRA
60306,CAJAMARCA,CELENDIN,JOSE GALVEZ,SIERRA
60307,CAJAMARCA,CELENDIN,MIGUEL IGLESIAS,SIERRA
60308,CAJAMARCA,CELENDIN,OXAMARCA,SIERRA
60309,CAJAMARCA,CELENDIN,SOROCHUCO,SIERRA
60310,CAJAMARCA,CELENDIN,SUCRE,SIERRA
60311,CAJAMARCA,CELENDIN,UTCO,SIERRA
60312,CAJAMARCA,CELENDIN,LA LIBERTAD DE PALLAN,SIERRA
60401,CAJAMARCA,CHOTA,CHOTA,SIERRA
60402,CAJAMARCA,CHOTA,ANGUIA,SIERRA
60403,CAJAMARCA,CHOTA,CHADIN,SIERRA
60404,CAJAMARCA,CHOTA,CHIGUIRIP,SIERRA
60405,CAJAMARCA,CHOTA,CHIMBAN,SIERRA
60406,CAJAMARCA,CHOTA,CHOROPAMPA,SIERRA
60407,CAJAMARCA,CHOTA,COCHABAMBA,SIERRA
60408,CAJAMARCA,CHOTA,CONCHAN,SIERRA
60409,CAJAMARCA,CHOTA,HUAMBOS,SIERRA
60410,CAJAMARCA,CHOTA,LAJAS,SIERRA
60411,CAJAMARCA,CHOTA,LLAMA,SIERRA
60412,CAJAMARCA,CHOTA,MIRACOSTA,SIERRA
60413,CAJAMARCA,CHOTA,PACCHA,SIERRA
60414,CAJAMARCA,CHOTA,PION,SIERRA
60415,CAJAMARCA,CHOTA,QUEROCOTO,SIERRA
60416,CAJAMARCA,CHOTA,SAN JUAN DE LICUPIS,SIERRA
60417,CAJAMARCA,CHOTA,TACABAMBA,SIERRA
60418,CAJAMARCA,CHOTA,TOCMOCHE,COSTA
60419,CAJAMARCA,CHOTA,CHALAMARCA,SIERRA
60501,CAJAMARCA,CONTUMAZA,CONTUMAZA,SIERRA
60502,CAJAMARCA,CONTUMAZA,CHILETE,SIERRA
60503,CAJAMARCA,CONTUMAZA,CUPISNIQUE,SIERRA
60504,CAJAMARCA,CONTUMAZA,GUZMANGO,SIERRA
60505,CAJAMARCA,CONTUMAZA,SAN BENITO,SIERRA
60506,CAJAMARCA,CONTUMAZA,SANTA CRUZ DE TOLED,SIERRA
60507,CAJAMARCA,CONTUMAZA,TANTARICA,SIERRA
60508,CAJAMARCA,CONTUMAZA,YONAN,COSTA
60601,CAJAMARCA,CUTERVO,CUTERVO,SIERRA
60602,CAJAMARCA,CUTERVO,CALLAYUC,SIERRA
60603,CAJAMARCA,CUTERVO,CHOROS,SIERRA
60604,CAJAMARCA,CUTERVO,CUJILLO,SIERRA
60605,CAJAMARCA,CUTERVO,LA RAMADA,SIERRA
60606,CAJAMARCA,CUTERVO,PIMPINGOS,SIERRA
60607,CAJAMARCA,CUTERVO,QUEROCOTILLO,SIERRA
60608,CAJAMARCA,CUTERVO,SAN ANDRES DE CUTERVO,SIERRA
60609,CAJAMARCA,CUTERVO,SAN JUAN DE CUTERVO,SIERRA
60610,CAJAMARCA,CUTERVO,SAN LUIS DE LUCMA,SIERRA
60611,CAJAMARCA,CUTERVO,SANTA CRUZ,SIERRA
60612,CAJAMARCA,CUTERVO,SANTO DOMINGO DE LA CAPILLA,SIERRA
60613,CAJAMARCA,CUTERVO,SANTO TOMAS,SIERRA
60614,CAJAMARCA,CUTERVO,SOCOTA,SIERRA
60615,CAJAMARCA,CUTERVO,TORIBIO CASANOVA,SIERRA
60701,CAJAMARCA,HUALGAYOC,BAMBAMARCA,SIERRA
60702,CAJAMARCA,HUALGAYOC,CHUGUR,SIERRA
60703,CAJAMARCA,HUALGAYOC,HUALGAYOC,SIERRA
60801,CAJAMARCA,JAEN,JAEN,SIERRA
60802,CAJAMARCA,JAEN,BELLAVISTA,SIERRA
60803,CAJAMARCA,JAEN,CHONTALI,SELVA
60804,CAJAMARCA,JAEN,COLASAY,SELVA
60805,CAJAMARCA,JAEN,HUABAL,SELVA
60806,CAJAMARCA,JAEN,LAS PIRIAS,SIERRA
60807,CAJAMARCA,JAEN,POMAHUACA,SIERRA
60808,CAJAMARCA,JAEN,PUCARA,SIERRA
60809,CAJAMARCA,JAEN,SALLIQUE,SIERRA
60810,CAJAMARCA,JAEN,SAN FELIPE,SIERRA
60811,CAJAMARCA,JAEN,SAN JOSE DEL ALTO,SELVA
60812,CAJAMARCA,JAEN,SANTA ROSA,SIERRA
60901,CAJAMARCA,SAN IGNACIO,SAN IGNACIO,SIERRA
60902,CAJAMARCA,SAN IGNACIO,CHIRINOS,SIERRA
60903,CAJAMARCA,SAN IGNACIO,HUARANGO,SELVA
60904,CAJAMARCA,SAN IGNACIO,LA COIPA,SELVA
60905,CAJAMARCA,SAN IGNACIO,NAMBALLE,SELVA
60906,CAJAMARCA,SAN IGNACIO,SAN JOSE DE LOURDES,SELVA
60907,CAJAMARCA,SAN IGNACIO,TABACONAS,SELVA
61001,CAJAMARCA,SAN MARCOS,PEDRO GALVEZ,SIERRA
61002,CAJAMARCA,SAN MARCOS,CHANCAY,SIERRA
61003,CAJAMARCA,SAN MARCOS,EDUARDO VILLANUEVA,SIERRA
61004,CAJAMARCA,SAN MARCOS,GREGORIO PITA,SIERRA
61005,CAJAMARCA,SAN MARCOS,ICHOCAN,SIERRA
61006,CAJAMARCA,SAN MARCOS,JOSE MANUEL QUIROZ,SIERRA
61007,CAJAMARCA,SAN MARCOS,JOSE SABOGAL,SIERRA
61101,CAJAMARCA,SAN MIGUEL,SAN MIGUEL,SIERRA
61102,CAJAMARCA,SAN MIGUEL,BOLIVAR,SIERRA
61103,CAJAMARCA,SAN MIGUEL,CALQUIS,SIERRA
61104,CAJAMARCA,SAN MIGUEL,CATILLUC,SIERRA
61105,CAJAMARCA,SAN MIGUEL,EL PRADO,SIERRA
61106,CAJAMARCA,SAN MIGUEL,LA FLORIDA,SIERRA
61107,CAJAMARCA,SAN MIGUEL,LLAPA,SIERRA
61108,CAJAMARCA,SAN MIGUEL,NANCHOC,COSTA
61109,CAJAMARCA,SAN MIGUEL,NIEPOS,SIERRA
61110,CAJAMARCA,SAN MIGUEL,SAN GREGORIO,COSTA
61111,CAJAMARCA,SAN MIGUEL,SAN SILVESTRE DE COCHAN,SIERRA
61112,CAJAMARCA,SAN MIGUEL,TONGOD,SIERRA
61113,CAJAMARCA,SAN MIGUEL,UNION AGUA BLANCA,SIERRA
61201,CAJAMARCA,SAN PABLO,SAN PABLO,SIERRA
61202,CAJAMARCA,SAN PABLO,SAN BERNARDINO,SIERRA
61203,CAJAMARCA,SAN PABLO,SAN LUIS,SIERRA
61204,CAJAMARCA,SAN PABLO,TUMBADEN,SIERRA
61301,CAJAMARCA,SANTA CRUZ,SANTA CRUZ,SIERRA
61302,CAJAMARCA,SANTA CRUZ,ANDABAMBA,SIERRA
61303,CAJAMARCA,SANTA CRUZ,CATACHE,SIERRA
61304,CAJAMARCA,SANTA CRUZ,CHANCAYBAÑOS,SIERRA
61305,CAJAMARCA,SANTA CRUZ,LA ESPERANZA,SIERRA
61306,CAJAMARCA,SANTA CRUZ,NINABAMBA,SIERRA
61307,CAJAMARCA,SANTA CRUZ,PULAN,SIERRA
61308,CAJAMARCA,SANTA CRUZ,SAUCEPAMPA,SIERRA
61309,CAJAMARCA,SANTA CRUZ,SEXI,SIERRA
61310,CAJAMARCA,SANTA CRUZ,UTICYACU,SIERRA
61311,CAJAMARCA,SANTA CRUZ,YAUYUCAN,SIERRA
70101,CALLAO,CALLAO,CALLAO,LIMA Y CALLAO
70101,CALLAO,CALLAO,CALLAO,COSTA
70102,CALLAO,CALLAO,BELLAVISTA,LIMA Y CALLAO
70102,CALLAO,CALLAO,BELLAVISTA,COSTA
70103,CALLAO,CALLAO,CARMEN DE LA LEGUA REYNOSO,COSTA
70103,CALLAO,CALLAO,CARMEN DE LA LEGUA REYNOSO,LIMA Y CALLAO
70104,CALLAO,CALLAO,LA PERLA,COSTA
70104,CALLAO,CALLAO,LA PERLA,LIMA Y CALLAO
70105,CALLAO,CALLAO,LA PUNTA,LIMA Y CALLAO
70105,CALLAO,CALLAO,LA PUNTA,COSTA
70106,CALLAO,CALLAO,VENTANILLA,LIMA Y CALLAO
70106,CALLAO,CALLAO,VENTANILLA,COSTA
70106,CALLAO,CALLAO,VENTANILLA  ,LIMA Y CALLAO
70107,CALLAO,CALLAO,MI PERU,LIMA Y CALLAO
70107,CALLAO,CALLAO,MI PERU,COSTA
70107,CALLAO,CALLAO,MI PERU  ,LIMA Y CALLAO
80101,CUSCO,CUSCO,CUSCO,SIERRA
80102,CUSCO,CUSCO,CCORCA,SIERRA
80103,CUSCO,CUSCO,POROY,SIERRA
80104,CUSCO,CUSCO,SAN JERONIMO,SIERRA
80105,CUSCO,CUSCO,SAN SEBASTIAN,SIERRA
80106,CUSCO,CUSCO,SANTIAGO,SIERRA
80107,CUSCO,CUSCO,SAYLLA,SIERRA
80108,CUSCO,CUSCO,WANCHAQ,SIERRA
80201,CUSCO,ACOMAYO,ACOMAYO,SIERRA
80202,CUSCO,ACOMAYO,ACOPIA,SIERRA
80203,CUSCO,ACOMAYO,ACOS,SIERRA
80204,CUSCO,ACOMAYO,MOSOC LLACTA,SIERRA
80205,CUSCO,ACOMAYO,POMACANCHI,SIERRA
80206,CUSCO,ACOMAYO,RONDOCAN,SIERRA
80207,CUSCO,ACOMAYO,SANGARARA,SIERRA
80301,CUSCO,ANTA,ANTA,SIERRA
80302,CUSCO,ANTA,ANCAHUASI,SIERRA
80303,CUSCO,ANTA,CACHIMAYO,SIERRA
80304,CUSCO,ANTA,CHINCHAYPUJIO,SIERRA
80305,CUSCO,ANTA,HUAROCONDO,SIERRA
80306,CUSCO,ANTA,LIMATAMBO,SIERRA
80307,CUSCO,ANTA,MOLLEPATA,SIERRA
80308,CUSCO,ANTA,PUCYURA,SIERRA
80309,CUSCO,ANTA,ZURITE,SIERRA
80401,CUSCO,CALCA,CALCA,SIERRA
80402,CUSCO,CALCA,COYA,SIERRA
80403,CUSCO,CALCA,LAMAY,SIERRA
80404,CUSCO,CALCA,LARES,SIERRA
80405,CUSCO,CALCA,PISAC,SIERRA
80406,CUSCO,CALCA,SAN SALVADOR,SIERRA
80407,CUSCO,CALCA,TARAY,SIERRA
80408,CUSCO,CALCA,YANATILE,SELVA
80501,CUSCO,CANAS,YANAOCA,SIERRA
80502,CUSCO,CANAS,CHECCA,SIERRA
80503,CUSCO,CANAS,KUNTURKANKI,SIERRA
80504,CUSCO,CANAS,LANGUI,SIERRA
80505,CUSCO,CANAS,LAYO,SIERRA
80506,CUSCO,CANAS,PAMPAMARCA,SIERRA
80507,CUSCO,CANAS,QUEHUE,SIERRA
80508,CUSCO,CANAS,TUPAC AMARU,SIERRA
80601,CUSCO,CANCHIS,SICUANI,SIERRA
80602,CUSCO,CANCHIS,CHECACUPE,SIERRA
80603,CUSCO,CANCHIS,COMBAPATA,SIERRA
80604,CUSCO,CANCHIS,MARANGANI,SIERRA
80605,CUSCO,CANCHIS,PITUMARCA,SIERRA
80606,CUSCO,CANCHIS,SAN PABLO,SIERRA
80607,CUSCO,CANCHIS,SAN PEDRO,SIERRA
80608,CUSCO,CANCHIS,TINTA,SIERRA
80701,CUSCO,CHUMBIVILCAS,SANTO TOMAS,SIERRA
80702,CUSCO,CHUMBIVILCAS,CAPACMARCA,SIERRA
80703,CUSCO,CHUMBIVILCAS,CHAMACA,SIERRA
80704,CUSCO,CHUMBIVILCAS,COLQUEMARCA,SIERRA
80705,CUSCO,CHUMBIVILCAS,LIVITACA,SIERRA
80706,CUSCO,CHUMBIVILCAS,LLUSCO,SIERRA
80707,CUSCO,CHUMBIVILCAS,QUIÑOTA,SIERRA
80708,CUSCO,CHUMBIVILCAS,VELILLE,SIERRA
80801,CUSCO,ESPINAR,ESPINAR,SIERRA
80802,CUSCO,ESPINAR,CONDOROMA,SIERRA
80803,CUSCO,ESPINAR,COPORAQUE,SIERRA
80804,CUSCO,ESPINAR,OCORURO,SIERRA
80805,CUSCO,ESPINAR,PALLPATA,SIERRA
80806,CUSCO,ESPINAR,PICHIGUA,SIERRA
80807,CUSCO,ESPINAR,SUYCKUTAMBO,SIERRA
80808,CUSCO,ESPINAR,ALTO PICHIGUA,SIERRA
80901,CUSCO,LA CONVENCION,SANTA ANA,SELVA
80902,CUSCO,LA CONVENCION,ECHARATE,SELVA
80903,CUSCO,LA CONVENCION,HUAYOPATA,SELVA
80904,CUSCO,LA CONVENCION,MARANURA,SELVA
80905,CUSCO,LA CONVENCION,OCOBAMBA,SELVA
80906,CUSCO,LA CONVENCION,QUELLOUNO,SELVA
80907,CUSCO,LA CONVENCION,KIMBIRI,SELVA
80908,CUSCO,LA CONVENCION,SANTA TERESA,SELVA
80909,CUSCO,LA CONVENCION,VILCABAMBA,SELVA
80909,CUSCO,LA CONVENCION,VILCABAMBA    ,SELVA
80910,CUSCO,LA CONVENCION,PICHARI,SELVA
80911,CUSCO,LA CONVENCION,INKAWASI,SELVA
80911,CUSCO,LA CONVENCION,INKAWASI  ,SELVA
80912,CUSCO,LA CONVENCION,VILLA VIRGEN,SELVA
80912,CUSCO,LA CONVENCION,VILLA VIRGEN  ,SELVA
80913,CUSCO,LA CONVENCION,VILLA KINTIARINA  ,SELVA
80913,CUSCO,LA CONVENCION,VILLA KINTIARINA,SELVA
80914,CUSCO,LA CONVENCION,MEGANTONI   ,SELVA
80914,CUSCO,LA CONVENCION,MEGANTONI,SELVA
80915,CUSCO,LA CONVENCION,KUMPIRUSHIATO,SELVA
80916,CUSCO,LA CONVENCION,CIELO PUNCO,SELVA
80917,CUSCO,LA CONVENCION,MANITEA,SELVA
80918,CUSCO,LA CONVENCION,UNION ASHANINKA,SELVA
80918,CUSCO,LA CONVENCION,UNION ASHÁNINKA,SELVA
81001,CUSCO,PARURO,PARURO,SIERRA
81002,CUSCO,PARURO,ACCHA,SIERRA
81003,CUSCO,PARURO,CCAPI,SIERRA
81004,CUSCO,PARURO,COLCHA,SIERRA
81005,CUSCO,PARURO,HUANOQUITE,SIERRA
81006,CUSCO,PARURO,OMACHA,SIERRA
81007,CUSCO,PARURO,PACCARITAMBO,SIERRA
81008,CUSCO,PARURO,PILLPINTO,SIERRA
81009,CUSCO,PARURO,YAURISQUE,SIERRA
81101,CUSCO,PAUCARTAMBO,PAUCARTAMBO,SIERRA
81102,CUSCO,PAUCARTAMBO,CAICAY,SIERRA
81103,CUSCO,PAUCARTAMBO,CHALLABAMBA,SIERRA
81104,CUSCO,PAUCARTAMBO,COLQUEPATA,SIERRA
81105,CUSCO,PAUCARTAMBO,HUANCARANI,SIERRA
81106,CUSCO,PAUCARTAMBO,KOSÑIPATA,SELVA
81201,CUSCO,QUISPICANCHI,URCOS,SIERRA
81202,CUSCO,QUISPICANCHI,ANDAHUAYLILLAS,SIERRA
81203,CUSCO,QUISPICANCHI,CAMANTI,SELVA
81204,CUSCO,QUISPICANCHI,CCARHUAYO,SIERRA
81205,CUSCO,QUISPICANCHI,CCATCA,SIERRA
81206,CUSCO,QUISPICANCHI,CUSIPATA,SIERRA
81207,CUSCO,QUISPICANCHI,HUARO,SIERRA
81208,CUSCO,QUISPICANCHI,LUCRE,SIERRA
81209,CUSCO,QUISPICANCHI,MARCAPATA,SIERRA
81210,CUSCO,QUISPICANCHI,OCONGATE,SIERRA
81211,CUSCO,QUISPICANCHI,OROPESA,SIERRA
81212,CUSCO,QUISPICANCHI,QUIQUIJANA,SIERRA
81301,CUSCO,URUBAMBA,URUBAMBA,SIERRA
81302,CUSCO,URUBAMBA,CHINCHERO,SIERRA
81303,CUSCO,URUBAMBA,HUAYLLABAMBA,SIERRA
81304,CUSCO,URUBAMBA,MACHUPICCHU,SIERRA
81305,CUSCO,URUBAMBA,MARAS,SIERRA
81306,CUSCO,URUBAMBA,OLLANTAYTAMBO,SIERRA
81307,CUSCO,URUBAMBA,YUCAY,SIERRA
90101,HUANCAVELICA,HUANCAVELICA,HUANCAVELICA,SIERRA
90102,HUANCAVELICA,HUANCAVELICA,ACOBAMBILLA,SIERRA
90103,HUANCAVELICA,HUANCAVELICA,ACORIA,SIERRA
90104,HUANCAVELICA,HUANCAVELICA,CONAYCA,SIERRA
90105,HUANCAVELICA,HUANCAVELICA,CUENCA,SIERRA
90106,HUANCAVELICA,HUANCAVELICA,HUACHOCOLPA,SIERRA
90107,HUANCAVELICA,HUANCAVELICA,HUAYLLAHUARA,SIERRA
90108,HUANCAVELICA,HUANCAVELICA,IZCUCHACA,SIERRA
90109,HUANCAVELICA,HUANCAVELICA,LARIA,SIERRA
90110,HUANCAVELICA,HUANCAVELICA,MANTA,SIERRA
90111,HUANCAVELICA,HUANCAVELICA,MARISCAL CACERES,SIERRA
90112,HUANCAVELICA,HUANCAVELICA,MOYA,SIERRA
90113,HUANCAVELICA,HUANCAVELICA,NUEVO OCCORO,SIERRA
90114,HUANCAVELICA,HUANCAVELICA,PALCA,SIERRA
90115,HUANCAVELICA,HUANCAVELICA,PILCHACA,SIERRA
90116,HUANCAVELICA,HUANCAVELICA,VILCA,SIERRA
90117,HUANCAVELICA,HUANCAVELICA,YAULI,SIERRA
90118,HUANCAVELICA,HUANCAVELICA,ASCENSION,SIERRA
90119,HUANCAVELICA,HUANCAVELICA,HUANDO,SIERRA
90201,HUANCAVELICA,ACOBAMBA,ACOBAMBA ,SIERRA
90201,HUANCAVELICA,ACOBAMBA,ACOBAMBA,SIERRA
90202,HUANCAVELICA,ACOBAMBA,ANDABAMBA,SIERRA
90203,HUANCAVELICA,ACOBAMBA,ANTA,SIERRA
90204,HUANCAVELICA,ACOBAMBA,CAJA,SIERRA
90205,HUANCAVELICA,ACOBAMBA,MARCAS,SIERRA
90206,HUANCAVELICA,ACOBAMBA,PAUCARA ,SIERRA
90206,HUANCAVELICA,ACOBAMBA,PAUCARA,SIERRA
90207,HUANCAVELICA,ACOBAMBA,POMACOCHA,SIERRA
90208,HUANCAVELICA,ACOBAMBA,ROSARIO,SIERRA
90301,HUANCAVELICA,ANGARAES,LIRCAY,SIERRA
90302,HUANCAVELICA,ANGARAES,ANCHONGA,SIERRA
90303,HUANCAVELICA,ANGARAES,CALLANMARCA,SIERRA
90304,HUANCAVELICA,ANGARAES,CCOCHACCASA,SIERRA
90305,HUANCAVELICA,ANGARAES,CHINCHO,SIERRA
90306,HUANCAVELICA,ANGARAES,CONGALLA,SIERRA
90307,HUANCAVELICA,ANGARAES,HUANCA-HUANCA,SIERRA
90308,HUANCAVELICA,ANGARAES,HUAYLLAY GRANDE,SIERRA
90309,HUANCAVELICA,ANGARAES,JULCAMARCA,SIERRA
90310,HUANCAVELICA,ANGARAES,SAN ANTONIO DE ANTAPARCO,SIERRA
90311,HUANCAVELICA,ANGARAES,SANTO TOMAS DE PATA,SIERRA
90312,HUANCAVELICA,ANGARAES,SECCLLA,SIERRA
90401,HUANCAVELICA,CASTROVIRREYNA,CASTROVIRREYNA,SIERRA
90402,HUANCAVELICA,CASTROVIRREYNA,ARMA,SIERRA
90403,HUANCAVELICA,CASTROVIRREYNA,AURAHUA,SIERRA
90404,HUANCAVELICA,CASTROVIRREYNA,CAPILLAS,SIERRA
90405,HUANCAVELICA,CASTROVIRREYNA,CHUPAMARCA,SIERRA
90406,HUANCAVELICA,CASTROVIRREYNA,COCAS,SIERRA
90407,HUANCAVELICA,CASTROVIRREYNA,HUACHOS,SIERRA
90408,HUANCAVELICA,CASTROVIRREYNA,HUAMATAMBO,SIERRA
90409,HUANCAVELICA,CASTROVIRREYNA,MOLLEPAMPA,SIERRA
90410,HUANCAVELICA,CASTROVIRREYNA,SAN JUAN,SIERRA
90411,HUANCAVELICA,CASTROVIRREYNA,SANTA ANA,SIERRA
90412,HUANCAVELICA,CASTROVIRREYNA,TANTARA,SIERRA
90413,HUANCAVELICA,CASTROVIRREYNA,TICRAPO,SIERRA
90501,HUANCAVELICA,CHURCAMPA,CHURCAMPA,SIERRA
90502,HUANCAVELICA,CHURCAMPA,ANCO,SIERRA
90503,HUANCAVELICA,CHURCAMPA,CHINCHIHUASI,SIERRA
90504,HUANCAVELICA,CHURCAMPA,EL CARMEN,SIERRA
90505,HUANCAVELICA,CHURCAMPA,LA MERCED,SIERRA
90506,HUANCAVELICA,CHURCAMPA,LOCROJA,SIERRA
90507,HUANCAVELICA,CHURCAMPA,PAUCARBAMBA,SIERRA
90508,HUANCAVELICA,CHURCAMPA,SAN MIGUEL DE MAYOCC,SIERRA
90509,HUANCAVELICA,CHURCAMPA,SAN PEDRO DE CORIS,SIERRA
90510,HUANCAVELICA,CHURCAMPA,PACHAMARCA,SIERRA
90511,HUANCAVELICA,CHURCAMPA,COSME,SIERRA
90511,HUANCAVELICA,CHURCAMPA,COSME ,SIERRA
90601,HUANCAVELICA,HUAYTARA,HUAYTARA,SIERRA
90602,HUANCAVELICA,HUAYTARA,AYAVI,SIERRA
90603,HUANCAVELICA,HUAYTARA,CORDOVA,SIERRA
90604,HUANCAVELICA,HUAYTARA,HUAYACUNDO ARMA,SIERRA
90605,HUANCAVELICA,HUAYTARA,LARAMARCA,SIERRA
90606,HUANCAVELICA,HUAYTARA,OCOYO,SIERRA
90607,HUANCAVELICA,HUAYTARA,PILPICHACA,SIERRA
90608,HUANCAVELICA,HUAYTARA,QUERCO,SIERRA
90609,HUANCAVELICA,HUAYTARA,QUITO-ARMA,SIERRA
90610,HUANCAVELICA,HUAYTARA,SAN ANTONIO DE CUSICANCHA,SIERRA
90611,HUANCAVELICA,HUAYTARA,SAN FRANCISCO DE SANGAYAICO,SIERRA
90612,HUANCAVELICA,HUAYTARA,SAN ISIDRO,SIERRA
90613,HUANCAVELICA,HUAYTARA,SANTIAGO DE CHOCORVOS,SIERRA
90614,HUANCAVELICA,HUAYTARA,SANTIAGO DE QUIRAHUARA,SIERRA
90615,HUANCAVELICA,HUAYTARA,SANTO DOMINGO DE CAPILLAS,SIERRA
90616,HUANCAVELICA,HUAYTARA,TAMBO,SIERRA
90701,HUANCAVELICA,TAYACAJA,PAMPAS  ,SIERRA
90701,HUANCAVELICA,TAYACAJA,PAMPAS,SIERRA
90702,HUANCAVELICA,TAYACAJA,ACOSTAMBO,SIERRA
90703,HUANCAVELICA,TAYACAJA,ACRAQUIA,SIERRA
90704,HUANCAVELICA,TAYACAJA,AHUAYCHA,SIERRA
90705,HUANCAVELICA,TAYACAJA,COLCABAMBA,SIERRA
90705,HUANCAVELICA,TAYACAJA,COLCABAMBA     ,SIERRA
90706,HUANCAVELICA,TAYACAJA,DANIEL HERNANDEZ,SIERRA
90706,HUANCAVELICA,TAYACAJA,DANIEL HERNANDEZ  ,SIERRA
90707,HUANCAVELICA,TAYACAJA,HUACHOCOLPA,SIERRA
90709,HUANCAVELICA,TAYACAJA,HUARIBAMBA,SIERRA
90709,HUANCAVELICA,TAYACAJA,HUARIBAMBA   ,SIERRA
90710,HUANCAVELICA,TAYACAJA,ÑAHUIMPUQUIO,SIERRA
90711,HUANCAVELICA,TAYACAJA,PAZOS,SIERRA
90713,HUANCAVELICA,TAYACAJA,QUISHUAR,SIERRA
90714,HUANCAVELICA,TAYACAJA,SALCABAMBA,SIERRA
90715,HUANCAVELICA,TAYACAJA,SALCAHUASI,SIERRA
90716,HUANCAVELICA,TAYACAJA,SAN MARCOS DE ROCCHAC,SIERRA
90717,HUANCAVELICA,TAYACAJA,SURCUBAMBA,SIERRA
90718,HUANCAVELICA,TAYACAJA,TINTAY PUNCU,SIERRA
90719,HUANCAVELICA,TAYACAJA,QUICHUAS,SIERRA
90719,HUANCAVELICA,TAYACAJA,QUICHUAS   ,SIERRA
90720,HUANCAVELICA,TAYACAJA,ANDAYMARCA  ,SIERRA
90720,HUANCAVELICA,TAYACAJA,ANDAYMARCA,SIERRA
90721,HUANCAVELICA,TAYACAJA,ROBLE,SIERRA
90721,HUANCAVELICA,TAYACAJA,ROBLE   ,SIERRA
90722,HUANCAVELICA,TAYACAJA,PICHOS   ,SIERRA
90722,HUANCAVELICA,TAYACAJA,PICHOS,SIERRA
90723,HUANCAVELICA,TAYACAJA,SANTIAGO DE TUCUMA,SIERRA
90723,HUANCAVELICA,TAYACAJA,SANTIAGO DE TUCUMA  ,SIERRA
90724,HUANCAVELICA,TAYACAJA,LAMBRAS,SIERRA
90725,HUANCAVELICA,TAYACAJA,COCHABAMBA,SIERRA
100101,HUANUCO,HUANUCO,HUANUCO,SIERRA
100102,HUANUCO,HUANUCO,AMARILIS ,SIERRA
100102,HUANUCO,HUANUCO,AMARILIS,SIERRA
100103,HUANUCO,HUANUCO,CHINCHAO,SELVA
100103,HUANUCO,HUANUCO,CHINCHAO     ,SELVA
100104,HUANUCO,HUANUCO,CHURUBAMBA,SIERRA
100105,HUANUCO,HUANUCO,MARGOS   ,SIERRA
100105,HUANUCO,HUANUCO,MARGOS,SIERRA
100106,HUANUCO,HUANUCO,QUISQUI    ,SIERRA
100106,HUANUCO,HUANUCO,QUISQUI,SIERRA
100107,HUANUCO,HUANUCO,SAN FRANCISCO DE CAYRAN,SIERRA
100107,HUANUCO,HUANUCO,SAN FRANCISCO DE CAYRAN ,SIERRA
100108,HUANUCO,HUANUCO,SAN PEDRO DE CHAULAN,SIERRA
100108,HUANUCO,HUANUCO,SAN PEDRO DE CHAULAN   ,SIERRA
100109,HUANUCO,HUANUCO,SANTA MARIA DEL VALLE,SIERRA
100109,HUANUCO,HUANUCO,SANTA MARIA DEL VALLE ,SIERRA
100110,HUANUCO,HUANUCO,YARUMAYO,SIERRA
100111,HUANUCO,HUANUCO,PILLCO MARCA  ,SIERRA
100111,HUANUCO,HUANUCO,PILLCO MARCA,SIERRA
100112,HUANUCO,HUANUCO,YACUS,SIERRA
100112,HUANUCO,HUANUCO,YACUS  ,SIERRA
100113,HUANUCO,HUANUCO,SAN PABLO DE PILLAO,SIERRA
100113,HUANUCO,HUANUCO,SAN PABLO DE PILLAO   ,SIERRA
100201,HUANUCO,AMBO,AMBO,SIERRA
100202,HUANUCO,AMBO,CAYNA,SIERRA
100203,HUANUCO,AMBO,COLPAS,SIERRA
100204,HUANUCO,AMBO,CONCHAMARCA,SIERRA
100205,HUANUCO,AMBO,HUACAR,SIERRA
100206,HUANUCO,AMBO,SAN FRANCISCO,SIERRA
100207,HUANUCO,AMBO,SAN RAFAEL,SIERRA
100208,HUANUCO,AMBO,TOMAY KICHWA,SIERRA
100301,HUANUCO,DOS DE MAYO,LA UNION,SIERRA
100307,HUANUCO,DOS DE MAYO,CHUQUIS,SIERRA
100311,HUANUCO,DOS DE MAYO,MARIAS,SELVA
100313,HUANUCO,DOS DE MAYO,PACHAS,SIERRA
100316,HUANUCO,DOS DE MAYO,QUIVILLA,SIERRA
100317,HUANUCO,DOS DE MAYO,RIPAN,SIERRA
100321,HUANUCO,DOS DE MAYO,SHUNQUI,SIERRA
100322,HUANUCO,DOS DE MAYO,SILLAPATA,SIERRA
100323,HUANUCO,DOS DE MAYO,YANAS,SIERRA
100401,HUANUCO,HUACAYBAMBA,HUACAYBAMBA,SIERRA
100402,HUANUCO,HUACAYBAMBA,CANCHABAMBA,SIERRA
100403,HUANUCO,HUACAYBAMBA,COCHABAMBA,SIERRA
100404,HUANUCO,HUACAYBAMBA,PINRA,SIERRA
100501,HUANUCO,HUAMALIES,LLATA,SIERRA
100502,HUANUCO,HUAMALIES,ARANCAY,SIERRA
100503,HUANUCO,HUAMALIES,CHAVIN DE PARIARCA,SIERRA
100504,HUANUCO,HUAMALIES,JACAS GRANDE,SIERRA
100505,HUANUCO,HUAMALIES,JIRCAN,SELVA
100506,HUANUCO,HUAMALIES,MIRAFLORES,SIERRA
100507,HUANUCO,HUAMALIES,MONZON,SELVA
100508,HUANUCO,HUAMALIES,PUNCHAO,SIERRA
100509,HUANUCO,HUAMALIES,PUÑOS,SIERRA
100510,HUANUCO,HUAMALIES,SINGA,SIERRA
100511,HUANUCO,HUAMALIES,TANTAMAYO,SIERRA
100601,HUANUCO,LEONCIO PRADO,RUPA-RUPA,SELVA
100601,HUANUCO,LEONCIO PRADO,RUPA-RUPA   ,SELVA
100602,HUANUCO,LEONCIO PRADO,DANIEL ALOMIA ROBLES,SELVA
100603,HUANUCO,LEONCIO PRADO,HERMILIO VALDIZAN,SELVA
100603,HUANUCO,LEONCIO PRADO,HERMILIO VALDIZAN   ,SELVA
100604,HUANUCO,LEONCIO PRADO,JOSE CRESPO Y CASTILLO       ,SELVA
100604,HUANUCO,LEONCIO PRADO,JOSE CRESPO Y CASTILLO,SELVA
100605,HUANUCO,LEONCIO PRADO,LUYANDO,SELVA
100605,HUANUCO,LEONCIO PRADO,LUYANDO ,SELVA
100606,HUANUCO,LEONCIO PRADO,MARIANO DAMASO BERAUN,SELVA
100607,HUANUCO,LEONCIO PRADO,PUCAYACU   ,SELVA
100607,HUANUCO,LEONCIO PRADO,PUCAYACU,SELVA
100608,HUANUCO,LEONCIO PRADO,CASTILLO GRANDE,SELVA
100608,HUANUCO,LEONCIO PRADO,CASTILLO GRANDE   ,SELVA
100609,HUANUCO,LEONCIO PRADO,PUEBLO NUEVO  ,SELVA
100609,HUANUCO,LEONCIO PRADO,PUEBLO NUEVO,SELVA
100610,HUANUCO,LEONCIO PRADO,SANTO DOMINGO DE ANDA,SELVA
100610,HUANUCO,LEONCIO PRADO,SANTO DOMINGO DE ANDA   ,SELVA
100701,HUANUCO,MARAÑON,HUACRACHUCO,SIERRA
100702,HUANUCO,MARAÑON,CHOLON,SELVA
100702,HUANUCO,MARAÑON,CHOLON      ,SELVA
100703,HUANUCO,MARAÑON,SAN BUENAVENTURA,SIERRA
100704,HUANUCO,MARAÑON,LA MORADA,SIERRA
100704,HUANUCO,MARAÑON,LA MORADA   ,SIERRA
100705,HUANUCO,MARAÑON,SANTA ROSA DE ALTO YANAJANCA   ,SIERRA
100705,HUANUCO,MARAÑON,SANTA ROSA DE ALTO YANAJANCA,SIERRA
100801,HUANUCO,PACHITEA,PANAO,SIERRA
100802,HUANUCO,PACHITEA,CHAGLLA,SELVA
100803,HUANUCO,PACHITEA,MOLINO,SIERRA
100804,HUANUCO,PACHITEA,UMARI,SIERRA
100804,HUANUCO,PACHITEA,UMARI  ,SIERRA
100901,HUANUCO,PUERTO INCA,PUERTO INCA,SELVA
100902,HUANUCO,PUERTO INCA,CODO DEL POZUZO,SELVA
100903,HUANUCO,PUERTO INCA,HONORIA,SELVA
100904,HUANUCO,PUERTO INCA,TOURNAVISTA,SELVA
100904,HUANUCO,PUERTO INCA,TOURNAVISTA  ,SELVA
100905,HUANUCO,PUERTO INCA,YUYAPICHIS,SELVA
101001,HUANUCO,LAURICOCHA,JESUS,SIERRA
101002,HUANUCO,LAURICOCHA,BAÑOS,SIERRA
101003,HUANUCO,LAURICOCHA,JIVIA,SIERRA
101004,HUANUCO,LAURICOCHA,QUEROPALCA,SIERRA
101005,HUANUCO,LAURICOCHA,RONDOS,SIERRA
101006,HUANUCO,LAURICOCHA,SAN FRANCISCO DE ASIS,SIERRA
101007,HUANUCO,LAURICOCHA,SAN MIGUEL DE CAURI,SIERRA
101101,HUANUCO,YAROWILCA,CHAVINILLO,SIERRA
101102,HUANUCO,YAROWILCA,CAHUAC,SIERRA
101103,HUANUCO,YAROWILCA,CHACABAMBA,SIERRA
101104,HUANUCO,YAROWILCA,APARICIO POMARES,SIERRA
101105,HUANUCO,YAROWILCA,JACAS CHICO,SIERRA
101106,HUANUCO,YAROWILCA,OBAS,SIERRA
101107,HUANUCO,YAROWILCA,PAMPAMARCA,SIERRA
101108,HUANUCO,YAROWILCA,CHORAS,SIERRA
110101,ICA,ICA,ICA,COSTA
110102,ICA,ICA,LA TINGUIÑA,COSTA
110103,ICA,ICA,LOS AQUIJES,COSTA
110104,ICA,ICA,OCUCAJE,COSTA
110105,ICA,ICA,PACHACUTEC,COSTA
110106,ICA,ICA,PARCONA,COSTA
110107,ICA,ICA,PUEBLO NUEVO,COSTA
110108,ICA,ICA,SALAS,COSTA
110109,ICA,ICA,SAN JOSE DE LOS MOLINOS,SIERRA
110110,ICA,ICA,SAN JUAN BAUTISTA,COSTA
110111,ICA,ICA,SANTIAGO,COSTA
110112,ICA,ICA,SUBTANJALLA,COSTA
110113,ICA,ICA,TATE,COSTA
110114,ICA,ICA,YAUCA DEL ROSARIO ,SIERRA
110114,ICA,ICA,YAUCA DEL ROSARIO,SIERRA
110201,ICA,CHINCHA,CHINCHA ALTA,COSTA
110202,ICA,CHINCHA,ALTO LARAN,COSTA
110203,ICA,CHINCHA,CHAVIN,SIERRA
110204,ICA,CHINCHA,CHINCHA BAJA,COSTA
110205,ICA,CHINCHA,EL CARMEN,COSTA
110206,ICA,CHINCHA,GROCIO PRADO,COSTA
110207,ICA,CHINCHA,PUEBLO NUEVO,COSTA
110208,ICA,CHINCHA,SAN JUAN DE YANAC,SIERRA
110209,ICA,CHINCHA,SAN PEDRO DE HUACARPANA,SIERRA
110210,ICA,CHINCHA,SUNAMPE,COSTA
110211,ICA,CHINCHA,TAMBO DE MORA,COSTA
110301,ICA,NASCA  ,NASCA,COSTA
110301,ICA,NASCA  ,NASCA  ,COSTA
110301,ICA,NAZCA,NAZCA,COSTA
110301,ICA,NASCA,NASCA,COSTA
110302,ICA,NASCA  ,CHANGUILLO,COSTA
110302,ICA,NAZCA,CHANGUILLO,COSTA
110302,ICA,NASCA,CHANGUILLO,COSTA
110303,ICA,NASCA,EL INGENIO,COSTA
110303,ICA,NAZCA,EL INGENIO,COSTA
110303,ICA,NASCA  ,EL INGENIO,COSTA
110304,ICA,NASCA  ,MARCONA,COSTA
110304,ICA,NAZCA,MARCONA,COSTA
110304,ICA,NASCA,MARCONA,COSTA
110305,ICA,NASCA,VISTA ALEGRE,COSTA
110305,ICA,NAZCA,VISTA ALEGRE,COSTA
110305,ICA,NASCA  ,VISTA ALEGRE,COSTA
110401,ICA,PALPA,PALPA,SIERRA
110402,ICA,PALPA,LLIPATA,SIERRA
110403,ICA,PALPA,RIO GRANDE,SIERRA
110404,ICA,PALPA,SANTA CRUZ,SIERRA
110405,ICA,PALPA,TIBILLO,SIERRA
110501,ICA,PISCO,PISCO,COSTA
110502,ICA,PISCO,HUANCANO,SIERRA
110503,ICA,PISCO,HUMAY,COSTA
110504,ICA,PISCO,INDEPENDENCIA,COSTA
110505,ICA,PISCO,PARACAS,COSTA
110506,ICA,PISCO,SAN ANDRES,COSTA
110507,ICA,PISCO,SAN CLEMENTE,COSTA
110508,ICA,PISCO,TUPAC AMARU INCA,COSTA
120101,JUNIN,HUANCAYO,HUANCAYO,SIERRA
120104,JUNIN,HUANCAYO,CARHUACALLANGA,SIERRA
120105,JUNIN,HUANCAYO,CHACAPAMPA,SIERRA
120106,JUNIN,HUANCAYO,CHICCHE,SIERRA
120107,JUNIN,HUANCAYO,CHILCA,SIERRA
120108,JUNIN,HUANCAYO,CHONGOS ALTO,SIERRA
120111,JUNIN,HUANCAYO,CHUPURO,SIERRA
120112,JUNIN,HUANCAYO,COLCA,SIERRA
120113,JUNIN,HUANCAYO,CULLHUAS,SIERRA
120114,JUNIN,HUANCAYO,EL TAMBO,SIERRA
120116,JUNIN,HUANCAYO,HUACRAPUQUIO,SIERRA
120117,JUNIN,HUANCAYO,HUALHUAS,SIERRA
120119,JUNIN,HUANCAYO,HUANCAN,SIERRA
120120,JUNIN,HUANCAYO,HUASICANCHA,SIERRA
120121,JUNIN,HUANCAYO,HUAYUCACHI,SIERRA
120122,JUNIN,HUANCAYO,INGENIO,SIERRA
120124,JUNIN,HUANCAYO,PARIAHUANCA   ,SIERRA
120124,JUNIN,HUANCAYO,PARIAHUANCA,SIERRA
120125,JUNIN,HUANCAYO,PILCOMAYO,SIERRA
120126,JUNIN,HUANCAYO,PUCARA,SIERRA
120127,JUNIN,HUANCAYO,QUICHUAY,SIERRA
120128,JUNIN,HUANCAYO,QUILCAS,SIERRA
120129,JUNIN,HUANCAYO,SAN AGUSTIN,SIERRA
120130,JUNIN,HUANCAYO,SAN JERONIMO DE TUNAN,SIERRA
120132,JUNIN,HUANCAYO,SAÑO,SIERRA
120133,JUNIN,HUANCAYO,SAPALLANGA,SIERRA
120134,JUNIN,HUANCAYO,SICAYA,SIERRA
120135,JUNIN,HUANCAYO,SANTO DOMINGO DE ACOBAMBA,SIERRA
120136,JUNIN,HUANCAYO,VIQUES,SIERRA
120201,JUNIN,CONCEPCION,CONCEPCION,SIERRA
120202,JUNIN,CONCEPCION,ACO,SIERRA
120203,JUNIN,CONCEPCION,ANDAMARCA,SIERRA
120204,JUNIN,CONCEPCION,CHAMBARA,SIERRA
120205,JUNIN,CONCEPCION,COCHAS,SIERRA
120206,JUNIN,CONCEPCION,COMAS,SIERRA
120207,JUNIN,CONCEPCION,HEROINAS TOLEDO,SIERRA
120208,JUNIN,CONCEPCION,MANZANARES,SIERRA
120209,JUNIN,CONCEPCION,MARISCAL CASTILLA,SIERRA
120210,JUNIN,CONCEPCION,MATAHUASI,SIERRA
120211,JUNIN,CONCEPCION,MITO,SIERRA
120212,JUNIN,CONCEPCION,NUEVE DE JULIO,SIERRA
120213,JUNIN,CONCEPCION,ORCOTUNA,SIERRA
120214,JUNIN,CONCEPCION,SAN JOSE DE QUERO,SIERRA
120215,JUNIN,CONCEPCION,SANTA ROSA DE OCOPA,SIERRA
120301,JUNIN,CHANCHAMAYO,CHANCHAMAYO,SELVA
120302,JUNIN,CHANCHAMAYO,PERENE,SELVA
120303,JUNIN,CHANCHAMAYO,PICHANAQUI,SELVA
120303,JUNIN,CHANCHAMAYO,PICHANAKI,SELVA
120304,JUNIN,CHANCHAMAYO,SAN LUIS DE SHUARO,SELVA
120305,JUNIN,CHANCHAMAYO,SAN RAMON,SELVA
120306,JUNIN,CHANCHAMAYO,VITOC,SELVA
120401,JUNIN,JAUJA,JAUJA,SIERRA
120402,JUNIN,JAUJA,ACOLLA,SIERRA
120403,JUNIN,JAUJA,APATA,SIERRA
120404,JUNIN,JAUJA,ATAURA,SIERRA
120405,JUNIN,JAUJA,CANCHAYLLO,SIERRA
120406,JUNIN,JAUJA,CURICACA,SIERRA
120407,JUNIN,JAUJA,EL MANTARO,SIERRA
120408,JUNIN,JAUJA,HUAMALI,SIERRA
120409,JUNIN,JAUJA,HUARIPAMPA,SIERRA
120410,JUNIN,JAUJA,HUERTAS,SIERRA
120411,JUNIN,JAUJA,JANJAILLO,SIERRA
120412,JUNIN,JAUJA,JULCAN,SIERRA
120413,JUNIN,JAUJA,LEONOR ORDOÑEZ,SIERRA
120414,JUNIN,JAUJA,LLOCLLAPAMPA,SIERRA
120415,JUNIN,JAUJA,MARCO,SIERRA
120416,JUNIN,JAUJA,MASMA,SIERRA
120417,JUNIN,JAUJA,MASMA CHICCHE,SIERRA
120418,JUNIN,JAUJA,MOLINOS,SIERRA
120419,JUNIN,JAUJA,MONOBAMBA,SELVA
120420,JUNIN,JAUJA,MUQUI,SIERRA
120421,JUNIN,JAUJA,MUQUIYAUYO,SIERRA
120422,JUNIN,JAUJA,PACA,SIERRA
120423,JUNIN,JAUJA,PACCHA,SIERRA
120424,JUNIN,JAUJA,PANCAN,SIERRA
120425,JUNIN,JAUJA,PARCO,SIERRA
120426,JUNIN,JAUJA,POMACANCHA,SIERRA
120427,JUNIN,JAUJA,RICRAN,SIERRA
120428,JUNIN,JAUJA,SAN LORENZO,SIERRA
120429,JUNIN,JAUJA,SAN PEDRO DE CHUNAN,SIERRA
120430,JUNIN,JAUJA,SAUSA,SIERRA
120431,JUNIN,JAUJA,SINCOS,SIERRA
120432,JUNIN,JAUJA,TUNAN MARCA,SIERRA
120433,JUNIN,JAUJA,YAULI,SIERRA
120434,JUNIN,JAUJA,YAUYOS,SIERRA
120501,JUNIN,JUNIN,JUNIN,SIERRA
120502,JUNIN,JUNIN,CARHUAMAYO,SIERRA
120503,JUNIN,JUNIN,ONDORES,SIERRA
120504,JUNIN,JUNIN,ULCUMAYO,SIERRA
120601,JUNIN,SATIPO,SATIPO,SELVA
120602,JUNIN,SATIPO,COVIRIALI,SELVA
120603,JUNIN,SATIPO,LLAYLLA,SELVA
120604,JUNIN,SATIPO,MAZAMARI ,SELVA
120604,JUNIN,SATIPO,MAZAMARI,SELVA
120605,JUNIN,SATIPO,PAMPA HERMOSA,SELVA
120606,JUNIN,SATIPO,PANGOA  ,SELVA
120606,JUNIN,SATIPO,PANGOA,SELVA
120607,JUNIN,SATIPO,RIO NEGRO ,SELVA
120607,JUNIN,SATIPO,RIO NEGRO,SELVA
120608,JUNIN,SATIPO,RIO TAMBO,SELVA
120609,JUNIN,SATIPO,VIZCATAN DEL ENE,SELVA
120609,JUNIN,SATIPO,VIZCATAN DEL ENE   ,SELVA
120701,JUNIN,TARMA,TARMA,SIERRA
120702,JUNIN,TARMA,ACOBAMBA,SIERRA
120703,JUNIN,TARMA,HUARICOLCA,SIERRA
120704,JUNIN,TARMA,HUASAHUASI,SIERRA
120705,JUNIN,TARMA,LA UNION,SIERRA
120706,JUNIN,TARMA,PALCA,SIERRA
120707,JUNIN,TARMA,PALCAMAYO,SIERRA
120708,JUNIN,TARMA,SAN PEDRO DE CAJAS,SIERRA
120709,JUNIN,TARMA,TAPO,SIERRA
120801,JUNIN,YAULI,LA OROYA,SIERRA
120802,JUNIN,YAULI,CHACAPALPA,SIERRA
120803,JUNIN,YAULI,HUAY-HUAY,SIERRA
120804,JUNIN,YAULI,MARCAPOMACOCHA,SIERRA
120805,JUNIN,YAULI,MOROCOCHA,SIERRA
120806,JUNIN,YAULI,PACCHA,SIERRA
120807,JUNIN,YAULI,SANTA BARBARA DE CARHUACAYA,SIERRA
120807,JUNIN,YAULI,SANTA BARBARA DE CARHUACAYAN,SIERRA
120808,JUNIN,YAULI,SANTA ROSA DE SACCO,SIERRA
120809,JUNIN,YAULI,SUITUCANCHA,SIERRA
120810,JUNIN,YAULI,YAULI,SIERRA
120901,JUNIN,CHUPACA,CHUPACA,SIERRA
120902,JUNIN,CHUPACA,AHUAC,SIERRA
120903,JUNIN,CHUPACA,CHONGOS BAJO,SIERRA
120904,JUNIN,CHUPACA,HUACHAC,SIERRA
120905,JUNIN,CHUPACA,HUAMANCACA CHICO,SIERRA
120906,JUNIN,CHUPACA,SAN JUAN DE ISCOS,SIERRA
120907,JUNIN,CHUPACA,SAN JUAN DE JARPA,SIERRA
120908,JUNIN,CHUPACA,TRES DE DICIEMBRE,SIERRA
120909,JUNIN,CHUPACA,YANACANCHA,SIERRA
130101,LA LIBERTAD,TRUJILLO,TRUJILLO,COSTA
130102,LA LIBERTAD,TRUJILLO,EL PORVENIR,COSTA
130103,LA LIBERTAD,TRUJILLO,FLORENCIA DE MORA,COSTA
130104,LA LIBERTAD,TRUJILLO,HUANCHACO,COSTA
130105,LA LIBERTAD,TRUJILLO,LA ESPERANZA,COSTA
130106,LA LIBERTAD,TRUJILLO,LAREDO,COSTA
130107,LA LIBERTAD,TRUJILLO,MOCHE,COSTA
130108,LA LIBERTAD,TRUJILLO,POROTO,COSTA
130109,LA LIBERTAD,TRUJILLO,SALAVERRY,COSTA
130110,LA LIBERTAD,TRUJILLO,SIMBAL,COSTA
130111,LA LIBERTAD,TRUJILLO,VICTOR LARCO HERRERA,COSTA
130112,LA LIBERTAD,TRUJILLO,ALTO TRUJILLO,COSTA
130201,LA LIBERTAD,ASCOPE,ASCOPE,COSTA
130202,LA LIBERTAD,ASCOPE,CHICAMA,COSTA
130203,LA LIBERTAD,ASCOPE,CHOCOPE,COSTA
130204,LA LIBERTAD,ASCOPE,MAGDALENA DE CAO,COSTA
130205,LA LIBERTAD,ASCOPE,PAIJAN,COSTA
130206,LA LIBERTAD,ASCOPE,RAZURI,COSTA
130207,LA LIBERTAD,ASCOPE,SANTIAGO DE CAO,COSTA
130208,LA LIBERTAD,ASCOPE,CASA GRANDE,COSTA
130301,LA LIBERTAD,BOLIVAR,BOLIVAR,SIERRA
130302,LA LIBERTAD,BOLIVAR,BAMBAMARCA,SIERRA
130303,LA LIBERTAD,BOLIVAR,CONDORMARCA,SIERRA
130304,LA LIBERTAD,BOLIVAR,LONGOTEA,SIERRA
130305,LA LIBERTAD,BOLIVAR,UCHUMARCA,SIERRA
130306,LA LIBERTAD,BOLIVAR,UCUNCHA,SIERRA
130401,LA LIBERTAD,CHEPEN,CHEPEN,COSTA
130402,LA LIBERTAD,CHEPEN,PACANGA,COSTA
130403,LA LIBERTAD,CHEPEN,PUEBLO NUEVO,COSTA
130501,LA LIBERTAD,JULCAN,JULCAN,SIERRA
130502,LA LIBERTAD,JULCAN,CALAMARCA,SIERRA
130503,LA LIBERTAD,JULCAN,CARABAMBA,SIERRA
130504,LA LIBERTAD,JULCAN,HUASO,SIERRA
130601,LA LIBERTAD,OTUZCO,OTUZCO,SIERRA
130602,LA LIBERTAD,OTUZCO,AGALLPAMPA,SIERRA
130604,LA LIBERTAD,OTUZCO,CHARAT,SIERRA
130605,LA LIBERTAD,OTUZCO,HUARANCHAL,SIERRA
130606,LA LIBERTAD,OTUZCO,LA CUESTA,SIERRA
130608,LA LIBERTAD,OTUZCO,MACHE,SIERRA
130610,LA LIBERTAD,OTUZCO,PARANDAY,SIERRA
130611,LA LIBERTAD,OTUZCO,SALPO,SIERRA
130613,LA LIBERTAD,OTUZCO,SINSICAP,SIERRA
130614,LA LIBERTAD,OTUZCO,USQUIL,SIERRA
130701,LA LIBERTAD,PACASMAYO,SAN PEDRO DE LLOC,COSTA
130702,LA LIBERTAD,PACASMAYO,GUADALUPE,COSTA
130703,LA LIBERTAD,PACASMAYO,JEQUETEPEQUE,COSTA
130704,LA LIBERTAD,PACASMAYO,PACASMAYO,COSTA
130705,LA LIBERTAD,PACASMAYO,SAN JOSE,COSTA
130801,LA LIBERTAD,PATAZ,TAYABAMBA,SIERRA
130802,LA LIBERTAD,PATAZ,BULDIBUYO,SIERRA
130803,LA LIBERTAD,PATAZ,CHILLIA,SIERRA
130804,LA LIBERTAD,PATAZ,HUANCASPATA,SIERRA
130805,LA LIBERTAD,PATAZ,HUAYLILLAS,SIERRA
130806,LA LIBERTAD,PATAZ,HUAYO,SIERRA
130807,LA LIBERTAD,PATAZ,ONGON,SIERRA
130808,LA LIBERTAD,PATAZ,PARCOY,SIERRA
130809,LA LIBERTAD,PATAZ,PATAZ,SIERRA
130810,LA LIBERTAD,PATAZ,PIAS,SIERRA
130811,LA LIBERTAD,PATAZ,SANTIAGO DE CHALLAS,SIERRA
130812,LA LIBERTAD,PATAZ,TAURIJA,SIERRA
130813,LA LIBERTAD,PATAZ,URPAY,SIERRA
130901,LA LIBERTAD,SANCHEZ CARRION,HUAMACHUCO,SIERRA
130902,LA LIBERTAD,SANCHEZ CARRION,CHUGAY,SIERRA
130903,LA LIBERTAD,SANCHEZ CARRION,COCHORCO,SIERRA
130904,LA LIBERTAD,SANCHEZ CARRION,CURGOS,SIERRA
130905,LA LIBERTAD,SANCHEZ CARRION,MARCABAL,SIERRA
130906,LA LIBERTAD,SANCHEZ CARRION,SANAGORAN,SIERRA
130907,LA LIBERTAD,SANCHEZ CARRION,SARIN,SIERRA
130908,LA LIBERTAD,SANCHEZ CARRION,SARTIMBAMBA,SIERRA
131001,LA LIBERTAD,SANTIAGO DE CHUCO,SANTIAGO DE CHUCO,SIERRA
131002,LA LIBERTAD,SANTIAGO DE CHUCO,ANGASMARCA,SIERRA
131003,LA LIBERTAD,SANTIAGO DE CHUCO,CACHICADAN,SIERRA
131004,LA LIBERTAD,SANTIAGO DE CHUCO,MOLLEBAMBA,SIERRA
131005,LA LIBERTAD,SANTIAGO DE CHUCO,MOLLEPATA,SIERRA
131006,LA LIBERTAD,SANTIAGO DE CHUCO,QUIRUVILCA,SIERRA
131007,LA LIBERTAD,SANTIAGO DE CHUCO,SANTA CRUZ DE CHUCA,SIERRA
131008,LA LIBERTAD,SANTIAGO DE CHUCO,SITABAMBA,SIERRA
131101,LA LIBERTAD,GRAN CHIMU,CASCAS,COSTA
131102,LA LIBERTAD,GRAN CHIMU,LUCMA,SIERRA
131103,LA LIBERTAD,GRAN CHIMU,MARMOT,SIERRA
131103,LA LIBERTAD,GRAN CHIMU,MARMOT ,SIERRA
131104,LA LIBERTAD,GRAN CHIMU,SAYAPULLO,SIERRA
131201,LA LIBERTAD,VIRU,VIRU,COSTA
131202,LA LIBERTAD,VIRU,CHAO,COSTA
131203,LA LIBERTAD,VIRU,GUADALUPITO,COSTA
140101,LAMBAYEQUE,CHICLAYO,CHICLAYO,COSTA
140102,LAMBAYEQUE,CHICLAYO,CHONGOYAPE,COSTA
140103,LAMBAYEQUE,CHICLAYO,ETEN,COSTA
140104,LAMBAYEQUE,CHICLAYO,ETEN PUERTO,COSTA
140105,LAMBAYEQUE,CHICLAYO,JOSE LEONARDO ORTIZ,COSTA
140106,LAMBAYEQUE,CHICLAYO,LA VICTORIA,COSTA
140107,LAMBAYEQUE,CHICLAYO,LAGUNAS,COSTA
140108,LAMBAYEQUE,CHICLAYO,MONSEFU,COSTA
140109,LAMBAYEQUE,CHICLAYO,NUEVA ARICA,COSTA
140110,LAMBAYEQUE,CHICLAYO,OYOTUN,COSTA
140111,LAMBAYEQUE,CHICLAYO,PICSI,COSTA
140112,LAMBAYEQUE,CHICLAYO,PIMENTEL,COSTA
140113,LAMBAYEQUE,CHICLAYO,REQUE,COSTA
140114,LAMBAYEQUE,CHICLAYO,SANTA ROSA,COSTA
140115,LAMBAYEQUE,CHICLAYO,SAÑA,COSTA
140116,LAMBAYEQUE,CHICLAYO,CAYALTI,COSTA
140117,LAMBAYEQUE,CHICLAYO,PATAPO,COSTA
140118,LAMBAYEQUE,CHICLAYO,POMALCA,COSTA
140119,LAMBAYEQUE,CHICLAYO,PUCALA,COSTA
140120,LAMBAYEQUE,CHICLAYO,TUMAN,COSTA
140201,LAMBAYEQUE,FERREÑAFE,FERREÑAFE,COSTA
140202,LAMBAYEQUE,FERREÑAFE,CAÑARIS,SIERRA
140203,LAMBAYEQUE,FERREÑAFE,INCAHUASI,SIERRA
140204,LAMBAYEQUE,FERREÑAFE,MANUEL ANTONIO MESONES MURO,COSTA
140205,LAMBAYEQUE,FERREÑAFE,PITIPO,COSTA
140206,LAMBAYEQUE,FERREÑAFE,PUEBLO NUEVO,COSTA
140301,LAMBAYEQUE,LAMBAYEQUE,LAMBAYEQUE,COSTA
140302,LAMBAYEQUE,LAMBAYEQUE,CHOCHOPE,COSTA
140303,LAMBAYEQUE,LAMBAYEQUE,ILLIMO,COSTA
140304,LAMBAYEQUE,LAMBAYEQUE,JAYANCA,COSTA
140305,LAMBAYEQUE,LAMBAYEQUE,MOCHUMI,COSTA
140306,LAMBAYEQUE,LAMBAYEQUE,MORROPE,COSTA
140307,LAMBAYEQUE,LAMBAYEQUE,MOTUPE,COSTA
140308,LAMBAYEQUE,LAMBAYEQUE,OLMOS,COSTA
140309,LAMBAYEQUE,LAMBAYEQUE,PACORA,COSTA
140310,LAMBAYEQUE,LAMBAYEQUE,SALAS,SIERRA
140311,LAMBAYEQUE,LAMBAYEQUE,SAN JOSE,COSTA
140312,LAMBAYEQUE,LAMBAYEQUE,TUCUME,COSTA
150101,LIMA,LIMA,LIMA,LIMA Y CALLAO
150101,LIMA,LIMA,LIMA,COSTA
150101,LIMA ,LIMA,LIMA,COSTA
150101,LIMA ,LIMA,LIMA,LIMA Y CALLAO
150102,LIMA ,LIMA,ANCON  ,LIMA Y CALLAO
150102,LIMA,LIMA,ANCON,COSTA
150102,LIMA,LIMA,ANCON,LIMA Y CALLAO
150102,LIMA ,LIMA,ANCON,COSTA
150103,LIMA,LIMA,ATE,LIMA Y CALLAO
150103,LIMA,LIMA,ATE,COSTA
150103,LIMA ,LIMA,ATE,LIMA Y CALLAO
150103,LIMA ,LIMA,ATE,COSTA
150104,LIMA ,LIMA,BARRANCO,COSTA
150104,LIMA ,LIMA,BARRANCO,LIMA Y CALLAO
150104,LIMA,LIMA,BARRANCO,COSTA
150104,LIMA,LIMA,BARRANCO,LIMA Y CALLAO
150105,LIMA,LIMA,BREÑA,COSTA
150105,LIMA,LIMA,BREÑA,LIMA Y CALLAO
150105,LIMA ,LIMA,BREÑA,LIMA Y CALLAO
150105,LIMA ,LIMA,BREÑA,COSTA
150106,LIMA,LIMA,CARABAYLLO,COSTA
150106,LIMA,LIMA,CARABAYLLO,LIMA Y CALLAO
150106,LIMA ,LIMA,CARABAYLLO,LIMA Y CALLAO
150106,LIMA ,LIMA,CARABAYLLO,COSTA
150107,LIMA,LIMA,CHACLACAYO,LIMA Y CALLAO
150107,LIMA,LIMA,CHACLACAYO,COSTA
150107,LIMA ,LIMA,CHACLACAYO,COSTA
150107,LIMA ,LIMA,CHACLACAYO,LIMA Y CALLAO
150108,LIMA,LIMA,CHORRILLOS,COSTA
150108,LIMA ,LIMA,CHORRILLOS,COSTA
150108,LIMA,LIMA,CHORRILLOS,LIMA Y CALLAO
150108,LIMA ,LIMA,CHORRILLOS,LIMA Y CALLAO
150109,LIMA ,LIMA,CIENEGUILLA,COSTA
150109,LIMA,LIMA,CIENEGUILLA,LIMA Y CALLAO
150109,LIMA ,LIMA,CIENEGUILLA,LIMA Y CALLAO
150109,LIMA,LIMA,CIENEGUILLA,COSTA
150110,LIMA,LIMA,COMAS,LIMA Y CALLAO
150110,LIMA ,LIMA,COMAS,COSTA
150110,LIMA,LIMA,COMAS,COSTA
150110,LIMA ,LIMA,COMAS,LIMA Y CALLAO
150111,LIMA ,LIMA,EL AGUSTINO,LIMA Y CALLAO
150111,LIMA,LIMA,EL AGUSTINO,COSTA
150111,LIMA ,LIMA,EL AGUSTINO,COSTA
150111,LIMA,LIMA,EL AGUSTINO,LIMA Y CALLAO
150112,LIMA,LIMA,INDEPENDENCIA,COSTA
150112,LIMA ,LIMA,INDEPENDENCIA,LIMA Y CALLAO
150112,LIMA,LIMA,INDEPENDENCIA,LIMA Y CALLAO
150112,LIMA ,LIMA,INDEPENDENCIA,COSTA
150113,LIMA,LIMA,JESUS MARIA,LIMA Y CALLAO
150113,LIMA,LIMA,JESUS MARIA,COSTA
150113,LIMA ,LIMA,JESUS MARIA,COSTA
150113,LIMA ,LIMA,JESUS MARIA,LIMA Y CALLAO
150114,LIMA ,LIMA,LA MOLINA,LIMA Y CALLAO
150114,LIMA,LIMA,LA MOLINA,COSTA
150114,LIMA,LIMA,LA MOLINA,LIMA Y CALLAO
150114,LIMA ,LIMA,LA MOLINA,COSTA
150115,LIMA ,LIMA,LA VICTORIA,COSTA
150115,LIMA,LIMA,LA VICTORIA,COSTA
150115,LIMA ,LIMA,LA VICTORIA,LIMA Y CALLAO
150115,LIMA,LIMA,LA VICTORIA,LIMA Y CALLAO
150116,LIMA,LIMA,LINCE,COSTA
150116,LIMA ,LIMA,LINCE,COSTA
150116,LIMA ,LIMA,LINCE,LIMA Y CALLAO
150116,LIMA,LIMA,LINCE,LIMA Y CALLAO
150117,LIMA ,LIMA,LOS OLIVOS,COSTA
150117,LIMA ,LIMA,LOS OLIVOS,LIMA Y CALLAO
150117,LIMA,LIMA,LOS OLIVOS,LIMA Y CALLAO
150117,LIMA,LIMA,LOS OLIVOS,COSTA
150118,LIMA,LIMA,LURIGANCHO,LIMA Y CALLAO
150118,LIMA ,LIMA,LURIGANCHO,LIMA Y CALLAO
150118,LIMA,LIMA,LURIGANCHO,COSTA
150118,LIMA ,LIMA,LURIGANCHO,COSTA
150119,LIMA ,LIMA,LURIN,COSTA
150119,LIMA ,LIMA,LURIN,LIMA Y CALLAO
150119,LIMA,LIMA,LURIN,COSTA
150119,LIMA,LIMA,LURIN,LIMA Y CALLAO
150120,LIMA,LIMA,MAGDALENA DEL MAR,LIMA Y CALLAO
150120,LIMA,LIMA,MAGDALENA DEL MAR,COSTA
150120,LIMA ,LIMA,MAGDALENA DEL MAR,LIMA Y CALLAO
150120,LIMA ,LIMA,MAGDALENA DEL MAR,COSTA
150121,LIMA,LIMA,PUEBLO LIBRE ,LIMA Y CALLAO
150121,LIMA,LIMA,PUEBLO LIBRE,COSTA
150121,LIMA,LIMA,PUEBLO LIBRE,LIMA Y CALLAO
150121,LIMA ,LIMA,PUEBLO LIBRE,COSTA
150121,LIMA ,LIMA,MAGDALENA VIEJA,LIMA Y CALLAO
150122,LIMA,LIMA,MIRAFLORES,COSTA
150122,LIMA,LIMA,MIRAFLORES,LIMA Y CALLAO
150122,LIMA ,LIMA,MIRAFLORES,COSTA
150122,LIMA ,LIMA,MIRAFLORES,LIMA Y CALLAO
150123,LIMA,LIMA,PACHACAMAC,COSTA
150123,LIMA ,LIMA,PACHACAMAC,COSTA
150123,LIMA,LIMA,PACHACAMAC,LIMA Y CALLAO
150123,LIMA ,LIMA,PACHACAMAC,LIMA Y CALLAO
150124,LIMA ,LIMA,PUCUSANA,COSTA
150124,LIMA,LIMA,PUCUSANA,LIMA Y CALLAO
150124,LIMA ,LIMA,PUCUSANA,LIMA Y CALLAO
150124,LIMA,LIMA,PUCUSANA,COSTA
150125,LIMA ,LIMA,PUENTE PIEDRA,COSTA
150125,LIMA,LIMA,PUENTE PIEDRA,LIMA Y CALLAO
150125,LIMA,LIMA,PUENTE PIEDRA,COSTA
150125,LIMA ,LIMA,PUENTE PIEDRA  ,LIMA Y CALLAO
150126,LIMA ,LIMA,PUNTA HERMOSA,LIMA Y CALLAO
150126,LIMA,LIMA,PUNTA HERMOSA,COSTA
150126,LIMA,LIMA,PUNTA HERMOSA,LIMA Y CALLAO
150126,LIMA ,LIMA,PUNTA HERMOSA,COSTA
150127,LIMA,LIMA,PUNTA NEGRA,COSTA
150127,LIMA,LIMA,PUNTA NEGRA,LIMA Y CALLAO
150127,LIMA ,LIMA,PUNTA NEGRA,LIMA Y CALLAO
150127,LIMA ,LIMA,PUNTA NEGRA,COSTA
150128,LIMA,LIMA,RIMAC,COSTA
150128,LIMA,LIMA,RIMAC,LIMA Y CALLAO
150128,LIMA ,LIMA,RIMAC,LIMA Y CALLAO
150128,LIMA ,LIMA,RIMAC,COSTA
150129,LIMA ,LIMA,SAN BARTOLO,LIMA Y CALLAO
150129,LIMA ,LIMA,SAN BARTOLO,COSTA
150129,LIMA,LIMA,SAN BARTOLO,LIMA Y CALLAO
150129,LIMA,LIMA,SAN BARTOLO,COSTA
150130,LIMA ,LIMA,SAN BORJA,LIMA Y CALLAO
150130,LIMA ,LIMA,SAN BORJA,COSTA
150130,LIMA,LIMA,SAN BORJA,COSTA
150130,LIMA,LIMA,SAN BORJA,LIMA Y CALLAO
150131,LIMA ,LIMA,SAN ISIDRO,COSTA
150131,LIMA ,LIMA,SAN ISIDRO,LIMA Y CALLAO
150131,LIMA,LIMA,SAN ISIDRO,LIMA Y CALLAO
150131,LIMA,LIMA,SAN ISIDRO,COSTA
150132,LIMA ,LIMA,SAN JUAN DE LURIGANCHO,COSTA
150132,LIMA,LIMA,SAN JUAN DE LURIGANCHO,COSTA
150132,LIMA ,LIMA,SAN JUAN DE LURIGANCHO,LIMA Y CALLAO
150132,LIMA,LIMA,SAN JUAN DE LURIGANCHO,LIMA Y CALLAO
150133,LIMA ,LIMA,SAN JUAN DE MIRAFLORES,COSTA
150133,LIMA ,LIMA,SAN JUAN DE MIRAFLORES,LIMA Y CALLAO
150133,LIMA,LIMA,SAN JUAN DE MIRAFLORES,COSTA
150133,LIMA,LIMA,SAN JUAN DE MIRAFLORES,LIMA Y CALLAO
150134,LIMA ,LIMA,SAN LUIS,LIMA Y CALLAO
150134,LIMA ,LIMA,SAN LUIS,COSTA
150134,LIMA,LIMA,SAN LUIS,LIMA Y CALLAO
150134,LIMA,LIMA,SAN LUIS,COSTA
150135,LIMA,LIMA,SAN MARTIN DE PORRES,COSTA
150135,LIMA,LIMA,SAN MARTIN DE PORRES,LIMA Y CALLAO
150135,LIMA ,LIMA,SAN MARTIN DE PORRES,LIMA Y CALLAO
150135,LIMA ,LIMA,SAN MARTIN DE PORRES,COSTA
150136,LIMA,LIMA,SAN MIGUEL,COSTA
150136,LIMA ,LIMA,SAN MIGUEL,LIMA Y CALLAO
150136,LIMA,LIMA,SAN MIGUEL,LIMA Y CALLAO
150136,LIMA ,LIMA,SAN MIGUEL,COSTA
150137,LIMA ,LIMA,SANTA ANITA,COSTA
150137,LIMA ,LIMA,SANTA ANITA,LIMA Y CALLAO
150137,LIMA,LIMA,SANTA ANITA,LIMA Y CALLAO
150137,LIMA,LIMA,SANTA ANITA,COSTA
150138,LIMA,LIMA,SANTA MARIA DEL MAR,LIMA Y CALLAO
150138,LIMA,LIMA,SANTA MARIA DEL MAR,COSTA
150138,LIMA ,LIMA,SANTA MARIA DEL MAR,LIMA Y CALLAO
150138,LIMA ,LIMA,SANTA MARIA DEL MAR,COSTA
150139,LIMA ,LIMA,SANTA ROSA,COSTA
150139,LIMA ,LIMA,SANTA ROSA,LIMA Y CALLAO
150139,LIMA,LIMA,SANTA ROSA,LIMA Y CALLAO
150139,LIMA,LIMA,SANTA ROSA,COSTA
150140,LIMA ,LIMA,SANTIAGO DE SURCO,LIMA Y CALLAO
150140,LIMA,LIMA,SANTIAGO DE SURCO,LIMA Y CALLAO
150140,LIMA,LIMA,SANTIAGO DE SURCO,COSTA
150140,LIMA ,LIMA,SANTIAGO DE SURCO,COSTA
150141,LIMA,LIMA,SURQUILLO,LIMA Y CALLAO
150141,LIMA ,LIMA,SURQUILLO,LIMA Y CALLAO
150141,LIMA ,LIMA,SURQUILLO,COSTA
150141,LIMA,LIMA,SURQUILLO,COSTA
150142,LIMA,LIMA,VILLA EL SALVADOR,COSTA
150142,LIMA,LIMA,VILLA EL SALVADOR,LIMA Y CALLAO
150142,LIMA ,LIMA,VILLA EL SALVADOR,LIMA Y CALLAO
150142,LIMA ,LIMA,VILLA EL SALVADOR,COSTA
150143,LIMA,LIMA,VILLA MARIA DEL TRIUNFO,LIMA Y CALLAO
150143,LIMA ,LIMA,VILLA MARIA DEL TRIUNFO,LIMA Y CALLAO
150143,LIMA ,LIMA,VILLA MARIA DEL TRIUNFO,COSTA
150143,LIMA,LIMA,VILLA MARIA DEL TRIUNFO,COSTA
150201,LIMA ,BARRANCA,BARRANCA,COSTA
150201,LIMA,BARRANCA,BARRANCA,COSTA
150202,LIMA,BARRANCA,PARAMONGA,COSTA
150202,LIMA ,BARRANCA,PARAMONGA,COSTA
150203,LIMA ,BARRANCA,PATIVILCA,COSTA
150203,LIMA,BARRANCA,PATIVILCA,COSTA
150204,LIMA ,BARRANCA,SUPE,COSTA
150204,LIMA,BARRANCA,SUPE,COSTA
150205,LIMA,BARRANCA,SUPE PUERTO,COSTA
150205,LIMA ,BARRANCA,SUPE PUERTO,COSTA
150301,LIMA,CAJATAMBO,CAJATAMBO,SIERRA
150301,LIMA ,CAJATAMBO,CAJATAMBO,SIERRA
150302,LIMA ,CAJATAMBO,COPA,SIERRA
150302,LIMA,CAJATAMBO,COPA,SIERRA
150303,LIMA ,CAJATAMBO,GORGOR,SIERRA
150303,LIMA,CAJATAMBO,GORGOR,SIERRA
150304,LIMA ,CAJATAMBO,HUANCAPON,SIERRA
150304,LIMA,CAJATAMBO,HUANCAPON,SIERRA
150305,LIMA,CAJATAMBO,MANAS,SIERRA
150305,LIMA ,CAJATAMBO,MANAS,SIERRA
150401,LIMA ,CANTA,CANTA,SIERRA
150401,LIMA,CANTA,CANTA,SIERRA
150402,LIMA ,CANTA,ARAHUAY,SIERRA
150402,LIMA,CANTA,ARAHUAY,SIERRA
150403,LIMA,CANTA,HUAMANTANGA,SIERRA
150403,LIMA ,CANTA,HUAMANTANGA,SIERRA
150404,LIMA ,CANTA,HUAROS,SIERRA
150404,LIMA,CANTA,HUAROS,SIERRA
150405,LIMA,CANTA,LACHAQUI,SIERRA
150405,LIMA ,CANTA,LACHAQUI,SIERRA
150406,LIMA ,CANTA,SAN BUENAVENTURA,SIERRA
150406,LIMA,CANTA,SAN BUENAVENTURA,SIERRA
150407,LIMA,CANTA,SANTA ROSA DE QUIVES,SIERRA
150407,LIMA ,CANTA,SANTA ROSA DE QUIVES,SIERRA
150501,LIMA ,CAÑETE,SAN VICENTE DE CAÑETE,COSTA
150501,LIMA,CAÑETE,SAN VICENTE DE CAÑETE,COSTA
150502,LIMA,CAÑETE,ASIA,COSTA
150502,LIMA ,CAÑETE,ASIA,COSTA
150503,LIMA ,CAÑETE,CALANGO,COSTA
150503,LIMA,CAÑETE,CALANGO,COSTA
150504,LIMA,CAÑETE,CERRO AZUL,COSTA
150504,LIMA ,CAÑETE,CERRO AZUL,COSTA
150505,LIMA ,CAÑETE,CHILCA,COSTA
150505,LIMA,CAÑETE,CHILCA,COSTA
150506,LIMA,CAÑETE,COAYLLO,COSTA
150506,LIMA ,CAÑETE,COAYLLO,COSTA
150507,LIMA ,CAÑETE,IMPERIAL,COSTA
150507,LIMA,CAÑETE,IMPERIAL,COSTA
150508,LIMA,CAÑETE,LUNAHUANA,COSTA
150508,LIMA ,CAÑETE,LUNAHUANA,COSTA
150509,LIMA ,CAÑETE,MALA,COSTA
150509,LIMA,CAÑETE,MALA,COSTA
150510,LIMA,CAÑETE,NUEVO IMPERIAL,COSTA
150510,LIMA ,CAÑETE,NUEVO IMPERIAL,COSTA
150511,LIMA ,CAÑETE,PACARAN,COSTA
150511,LIMA,CAÑETE,PACARAN,COSTA
150512,LIMA,CAÑETE,QUILMANA,COSTA
150512,LIMA ,CAÑETE,QUILMANA,COSTA
150513,LIMA ,CAÑETE,SAN ANTONIO,COSTA
150513,LIMA,CAÑETE,SAN ANTONIO,COSTA
150514,LIMA,CAÑETE,SAN LUIS,COSTA
150514,LIMA ,CAÑETE,SAN LUIS,COSTA
150515,LIMA ,CAÑETE,SANTA CRUZ DE FLORES,COSTA
150515,LIMA,CAÑETE,SANTA CRUZ DE FLORES,COSTA
150516,LIMA,CAÑETE,ZUÑIGA,COSTA
150516,LIMA ,CAÑETE,ZUÑIGA,COSTA
150601,LIMA ,HUARAL,HUARAL,COSTA
150601,LIMA,HUARAL,HUARAL,COSTA
150602,LIMA,HUARAL,ATAVILLOS ALTO,SIERRA
150602,LIMA ,HUARAL,ATAVILLOS ALTO,SIERRA
150603,LIMA ,HUARAL,ATAVILLOS BAJO,SIERRA
150603,LIMA,HUARAL,ATAVILLOS BAJO,SIERRA
150604,LIMA,HUARAL,AUCALLAMA,COSTA
150604,LIMA ,HUARAL,AUCALLAMA,COSTA
150605,LIMA ,HUARAL,CHANCAY,COSTA
150605,LIMA,HUARAL,CHANCAY,COSTA
150606,LIMA,HUARAL,IHUARI,SIERRA
150606,LIMA ,HUARAL,IHUARI,SIERRA
150607,LIMA ,HUARAL,LAMPIAN,SIERRA
150607,LIMA,HUARAL,LAMPIAN,SIERRA
150608,LIMA,HUARAL,PACARAOS,SIERRA
150608,LIMA ,HUARAL,PACARAOS,SIERRA
150609,LIMA ,HUARAL,SAN MIGUEL DE ACOS,SIERRA
150609,LIMA,HUARAL,SAN MIGUEL DE ACOS,SIERRA
150610,LIMA,HUARAL,SANTA CRUZ DE ANDAMARCA,SIERRA
150610,LIMA ,HUARAL,SANTA CRUZ DE ANDAMARCA,SIERRA
150611,LIMA ,HUARAL,SUMBILCA,SIERRA
150611,LIMA,HUARAL,SUMBILCA,SIERRA
150612,LIMA ,HUARAL,VEINTISIETE DE NOVIEMBRE,SIERRA
150612,LIMA,HUARAL,VEINTISIETE DE NOVIEMBRE,SIERRA
150701,LIMA,HUAROCHIRI,MATUCANA,SIERRA
150701,LIMA ,HUAROCHIRI,MATUCANA,SIERRA
150702,LIMA ,HUAROCHIRI,ANTIOQUIA,COSTA
150702,LIMA,HUAROCHIRI,ANTIOQUIA,COSTA
150703,LIMA,HUAROCHIRI,CALLAHUANCA,SIERRA
150703,LIMA ,HUAROCHIRI,CALLAHUANCA,SIERRA
150704,LIMA ,HUAROCHIRI,CARAMPOMA,SIERRA
150704,LIMA,HUAROCHIRI,CARAMPOMA,SIERRA
150705,LIMA,HUAROCHIRI,CHICLA,SIERRA
150705,LIMA ,HUAROCHIRI,CHICLA,SIERRA
150706,LIMA ,HUAROCHIRI,CUENCA,SIERRA
150706,LIMA,HUAROCHIRI,CUENCA,SIERRA
150707,LIMA,HUAROCHIRI,HUACHUPAMPA,SIERRA
150707,LIMA ,HUAROCHIRI,HUACHUPAMPA,SIERRA
150708,LIMA ,HUAROCHIRI,HUANZA,SIERRA
150708,LIMA,HUAROCHIRI,HUANZA,SIERRA
150709,LIMA,HUAROCHIRI,HUAROCHIRI,SIERRA
150709,LIMA ,HUAROCHIRI,HUAROCHIRI,SIERRA
150710,LIMA ,HUAROCHIRI,LAHUAYTAMBO,SIERRA
150710,LIMA,HUAROCHIRI,LAHUAYTAMBO,SIERRA
150711,LIMA,HUAROCHIRI,LANGA,SIERRA
150711,LIMA ,HUAROCHIRI,LANGA,SIERRA
150712,LIMA ,HUAROCHIRI,SAN PEDRO DE LARAOS,SIERRA
150712,LIMA,HUAROCHIRI,LARAOS,SIERRA
150712,LIMA ,HUAROCHIRI,LARAOS,SIERRA
150712,LIMA,HUAROCHIRI,SAN PEDRO DE LARAOS,SIERRA
150713,LIMA ,HUAROCHIRI,MARIATANA,SIERRA
150713,LIMA,HUAROCHIRI,MARIATANA,SIERRA
150714,LIMA,HUAROCHIRI,RICARDO PALMA,COSTA
150714,LIMA ,HUAROCHIRI,RICARDO PALMA,COSTA
150715,LIMA ,HUAROCHIRI,SAN ANDRES DE TUPICOCHA,SIERRA
150715,LIMA,HUAROCHIRI,SAN ANDRES DE TUPICOCHA,SIERRA
150716,LIMA ,HUAROCHIRI,SAN ANTONIO,COSTA
150716,LIMA,HUAROCHIRI,SAN ANTONIO,COSTA
150717,LIMA ,HUAROCHIRI,SAN BARTOLOME,SIERRA
150717,LIMA,HUAROCHIRI,SAN BARTOLOME,SIERRA
150718,LIMA,HUAROCHIRI,SAN DAMIAN,SIERRA
150718,LIMA ,HUAROCHIRI,SAN DAMIAN,SIERRA
150719,LIMA ,HUAROCHIRI,SAN JUAN DE IRIS,SIERRA
150719,LIMA,HUAROCHIRI,SAN JUAN DE IRIS,SIERRA
150720,LIMA,HUAROCHIRI,SAN JUAN DE TANTARANCHE,SIERRA
150720,LIMA ,HUAROCHIRI,SAN JUAN DE TANTARANCHE,SIERRA
150721,LIMA ,HUAROCHIRI,SAN LORENZO DE QUINTI,SIERRA
150721,LIMA,HUAROCHIRI,SAN LORENZO DE QUINTI,SIERRA
150722,LIMA,HUAROCHIRI,SAN MATEO,SIERRA
150722,LIMA ,HUAROCHIRI,SAN MATEO,SIERRA
150723,LIMA ,HUAROCHIRI,SAN MATEO DE OTAO,SIERRA
150723,LIMA,HUAROCHIRI,SAN MATEO DE OTAO,SIERRA
150724,LIMA,HUAROCHIRI,SAN PEDRO DE CASTA,SIERRA
150724,LIMA ,HUAROCHIRI,SAN PEDRO DE CASTA,SIERRA
150725,LIMA ,HUAROCHIRI,SAN PEDRO DE HUANCAYRE,SIERRA
150725,LIMA,HUAROCHIRI,SAN PEDRO DE HUANCAYRE,SIERRA
150726,LIMA,HUAROCHIRI,SANGALLAYA,SIERRA
150726,LIMA ,HUAROCHIRI,SANGALLAYA,SIERRA
150727,LIMA ,HUAROCHIRI,SANTA CRUZ DE COCACHACRA,SIERRA
150727,LIMA,HUAROCHIRI,SANTA CRUZ DE COCACHACRA,SIERRA
150728,LIMA ,HUAROCHIRI,SANTA EULALIA,COSTA
150728,LIMA,HUAROCHIRI,SANTA EULALIA,COSTA
150729,LIMA,HUAROCHIRI,SANTIAGO DE ANCHUCAYA,SIERRA
150729,LIMA ,HUAROCHIRI,SANTIAGO DE ANCHUCAYA,SIERRA
150730,LIMA,HUAROCHIRI,SANTIAGO DE TUNA,SIERRA
150730,LIMA ,HUAROCHIRI,SANTIAGO DE TUNA,SIERRA
150731,LIMA,HUAROCHIRI,SANTO DOMINGO DE LOS OLLEROS,COSTA
150731,LIMA ,HUAROCHIRI,SANTO DOMINGO DE LOS OLLERO,COSTA
150731,LIMA ,HUAROCHIRI,SANTO DOMINGO DE LOS OLLEROS,COSTA
150732,LIMA ,HUAROCHIRI,SURCO,SIERRA
150732,LIMA,HUAROCHIRI,SURCO,SIERRA
150801,LIMA ,HUAURA,HUACHO,COSTA
150801,LIMA,HUAURA,HUACHO,COSTA
150802,LIMA,HUAURA,AMBAR,COSTA
150802,LIMA ,HUAURA,AMBAR,COSTA
150803,LIMA,HUAURA,CALETA DE CARQUIN,COSTA
150803,LIMA ,HUAURA,CALETA DE CARQUIN,COSTA
150804,LIMA,HUAURA,CHECRAS,SIERRA
150804,LIMA ,HUAURA,CHECRAS,SIERRA
150805,LIMA ,HUAURA,HUALMAY,COSTA
150805,LIMA,HUAURA,HUALMAY,COSTA
150806,LIMA,HUAURA,HUAURA,COSTA
150806,LIMA ,HUAURA,HUAURA,COSTA
150807,LIMA,HUAURA,LEONCIO PRADO,SIERRA
150807,LIMA ,HUAURA,LEONCIO PRADO,SIERRA
150808,LIMA ,HUAURA,PACCHO,SIERRA
150808,LIMA,HUAURA,PACCHO,SIERRA
150809,LIMA ,HUAURA,SANTA LEONOR,SIERRA
150809,LIMA,HUAURA,SANTA LEONOR,SIERRA
150810,LIMA ,HUAURA,SANTA MARIA,COSTA
150810,LIMA,HUAURA,SANTA MARIA,COSTA
150811,LIMA,HUAURA,SAYAN,COSTA
150811,LIMA ,HUAURA,SAYAN,COSTA
150812,LIMA ,HUAURA,VEGUETA,COSTA
150812,LIMA,HUAURA,VEGUETA,COSTA
150901,LIMA,OYON,OYON,SIERRA
150901,LIMA ,OYON,OYON,SIERRA
150902,LIMA,OYON,ANDAJES,SIERRA
150902,LIMA ,OYON,ANDAJES,SIERRA
150903,LIMA,OYON,CAUJUL,SIERRA
150903,LIMA ,OYON,CAUJUL,SIERRA
150904,LIMA ,OYON,COCHAMARCA,SIERRA
150904,LIMA,OYON,COCHAMARCA,SIERRA
150905,LIMA ,OYON,NAVAN,SIERRA
150905,LIMA,OYON,NAVAN,SIERRA
150906,LIMA ,OYON,PACHANGARA,SIERRA
150906,LIMA,OYON,PACHANGARA,SIERRA
151001,LIMA,YAUYOS,YAUYOS,SIERRA
151001,LIMA ,YAUYOS,YAUYOS,SIERRA
151002,LIMA,YAUYOS,ALIS,SIERRA
151002,LIMA ,YAUYOS,ALIS,SIERRA
151003,LIMA ,YAUYOS,AYAUCA,SIERRA
151003,LIMA,YAUYOS,AYAUCA,SIERRA
151004,LIMA,YAUYOS,AYAVIRI,SIERRA
151004,LIMA ,YAUYOS,AYAVIRI,SIERRA
151005,LIMA,YAUYOS,AZANGARO,SIERRA
151005,LIMA ,YAUYOS,AZANGARO,SIERRA
151006,LIMA ,YAUYOS,CACRA,SIERRA
151006,LIMA,YAUYOS,CACRA,SIERRA
151007,LIMA,YAUYOS,CARANIA,SIERRA
151007,LIMA ,YAUYOS,CARANIA,SIERRA
151008,LIMA,YAUYOS,CATAHUASI,SIERRA
151008,LIMA ,YAUYOS,CATAHUASI,SIERRA
151009,LIMA ,YAUYOS,CHOCOS,SIERRA
151009,LIMA,YAUYOS,CHOCOS,SIERRA
151010,LIMA ,YAUYOS,COCHAS,SIERRA
151010,LIMA,YAUYOS,COCHAS,SIERRA
151011,LIMA,YAUYOS,COLONIA,SIERRA
151011,LIMA ,YAUYOS,COLONIA,SIERRA
151012,LIMA,YAUYOS,HONGOS,SIERRA
151012,LIMA ,YAUYOS,HONGOS,SIERRA
151013,LIMA ,YAUYOS,HUAMPARA,SIERRA
151013,LIMA,YAUYOS,HUAMPARA,SIERRA
151014,LIMA ,YAUYOS,HUANCAYA,SIERRA
151014,LIMA,YAUYOS,HUANCAYA,SIERRA
151015,LIMA,YAUYOS,HUANGASCAR,SIERRA
151015,LIMA ,YAUYOS,HUANGASCAR,SIERRA
151016,LIMA ,YAUYOS,HUANTAN,SIERRA
151016,LIMA,YAUYOS,HUANTAN,SIERRA
151017,LIMA,YAUYOS,HUAÑEC,SIERRA
151017,LIMA ,YAUYOS,HUAÑEC,SIERRA
151018,LIMA ,YAUYOS,LARAOS,SIERRA
151018,LIMA,YAUYOS,LARAOS,SIERRA
151019,LIMA,YAUYOS,LINCHA,SIERRA
151019,LIMA ,YAUYOS,LINCHA,SIERRA
151020,LIMA ,YAUYOS,MADEAN,SIERRA
151020,LIMA,YAUYOS,MADEAN,SIERRA
151021,LIMA,YAUYOS,MIRAFLORES,SIERRA
151021,LIMA ,YAUYOS,MIRAFLORES,SIERRA
151022,LIMA ,YAUYOS,OMAS,SIERRA
151022,LIMA,YAUYOS,OMAS,SIERRA
151023,LIMA,YAUYOS,PUTINZA,SIERRA
151023,LIMA ,YAUYOS,PUTINZA,SIERRA
151024,LIMA ,YAUYOS,QUINCHES,SIERRA
151024,LIMA,YAUYOS,QUINCHES,SIERRA
151025,LIMA,YAUYOS,QUINOCAY,SIERRA
151025,LIMA ,YAUYOS,QUINOCAY,SIERRA
151026,LIMA,YAUYOS,SAN JOAQUIN,SIERRA
151026,LIMA ,YAUYOS,SAN JOAQUIN,SIERRA
151027,LIMA,YAUYOS,SAN PEDRO DE PILAS,SIERRA
151027,LIMA ,YAUYOS,SAN PEDRO DE PILAS,SIERRA
151028,LIMA ,YAUYOS,TANTA,SIERRA
151028,LIMA,YAUYOS,TANTA,SIERRA
151029,LIMA ,YAUYOS,TAURIPAMPA,SIERRA
151029,LIMA,YAUYOS,TAURIPAMPA,SIERRA
151030,LIMA,YAUYOS,TOMAS,SIERRA
151030,LIMA ,YAUYOS,TOMAS,SIERRA
151031,LIMA ,YAUYOS,TUPE,SIERRA
151031,LIMA,YAUYOS,TUPE,SIERRA
151032,LIMA,YAUYOS,VIÑAC,SIERRA
151032,LIMA ,YAUYOS,VIÑAC,SIERRA
151033,LIMA ,YAUYOS,VITIS,SIERRA
151033,LIMA,YAUYOS,VITIS,SIERRA
160101,LORETO,MAYNAS,IQUITOS,SELVA
160101,LORETO,MAYNAS,IQUITOS  ,SELVA
160102,LORETO,MAYNAS,ALTO NANAY,SELVA
160102,LORETO,MAYNAS,ALTO NANAY  ,SELVA
160103,LORETO,MAYNAS,FERNANDO LORES,SELVA
160104,LORETO,MAYNAS,INDIANA,SELVA
160105,LORETO,MAYNAS,LAS AMAZONAS,SELVA
160106,LORETO,MAYNAS,MAZAN,SELVA
160107,LORETO,MAYNAS,NAPO,SELVA
160108,LORETO,MAYNAS,PUNCHANA,SELVA
160110,LORETO,MAYNAS,TORRES CAUSANA ,SELVA
160110,LORETO,MAYNAS,TORRES CAUSANA,SELVA
160112,LORETO,MAYNAS,BELEN,SELVA
160113,LORETO,MAYNAS,SAN JUAN BAUTISTA,SELVA
160201,LORETO,ALTO AMAZONAS,YURIMAGUAS,SELVA
160202,LORETO,ALTO AMAZONAS,BALSAPUERTO,SELVA
160205,LORETO,ALTO AMAZONAS,JEBEROS,SELVA
160206,LORETO,ALTO AMAZONAS,LAGUNAS,SELVA
160210,LORETO,ALTO AMAZONAS,SANTA CRUZ,SELVA
160211,LORETO,ALTO AMAZONAS,TENIENTE CESAR LOPEZ ROJAS,SELVA
160301,LORETO,LORETO,NAUTA,SELVA
160302,LORETO,LORETO,PARINARI,SELVA
160302,LORETO,LORETO,PARINARI  ,SELVA
160303,LORETO,LORETO,TIGRE,SELVA
160304,LORETO,LORETO,TROMPETEROS,SELVA
160305,LORETO,LORETO,URARINAS,SELVA
160305,LORETO,LORETO,URARINAS   ,SELVA
160401,LORETO,MARISCAL RAMON CASTILLA,RAMON CASTILLA,SELVA
160402,LORETO,MARISCAL RAMON CASTILLA,PEBAS,SELVA
160403,LORETO,MARISCAL RAMON CASTILLA,YAVARI,SELVA
160404,LORETO,MARISCAL RAMON CASTILLA,SAN PABLO,SELVA
160501,LORETO,REQUENA,REQUENA,SELVA
160502,LORETO,REQUENA,ALTO TAPICHE,SELVA
160503,LORETO,REQUENA,CAPELO,SELVA
160504,LORETO,REQUENA,EMILIO SAN MARTIN,SELVA
160505,LORETO,REQUENA,MAQUIA,SELVA
160506,LORETO,REQUENA,PUINAHUA,SELVA
160507,LORETO,REQUENA,SAQUENA,SELVA
160508,LORETO,REQUENA,SOPLIN,SELVA
160508,LORETO,REQUENA,SOPLIN   ,SELVA
160509,LORETO,REQUENA,TAPICHE,SELVA
160510,LORETO,REQUENA,JENARO HERRERA,SELVA
160511,LORETO,REQUENA,YAQUERANA,SELVA
160511,LORETO,REQUENA,YAQUERANA   ,SELVA
160601,LORETO,UCAYALI,CONTAMANA,SELVA
160602,LORETO,UCAYALI,INAHUAYA,SELVA
160603,LORETO,UCAYALI,PADRE MARQUEZ,SELVA
160604,LORETO,UCAYALI,PAMPA HERMOSA,SELVA
160605,LORETO,UCAYALI,SARAYACU,SELVA
160606,LORETO,UCAYALI,VARGAS GUERRA,SELVA
160701,LORETO,DATEM DEL MARAÑON ,BARRANCA,SELVA
160701,LORETO,DATEM DEL MARAÑON,BARRANCA,SELVA
160702,LORETO,DATEM DEL MARAÑON,CAHUAPANAS,SELVA
160702,LORETO,DATEM DEL MARAÑON ,CAHUAPANAS,SELVA
160703,LORETO,DATEM DEL MARAÑON ,MANSERICHE,SELVA
160703,LORETO,DATEM DEL MARAÑON,MANSERICHE,SELVA
160704,LORETO,DATEM DEL MARAÑON,MORONA,SELVA
160704,LORETO,DATEM DEL MARAÑON ,MORONA,SELVA
160705,LORETO,DATEM DEL MARAÑON ,PASTAZA,SELVA
160705,LORETO,DATEM DEL MARAÑON,PASTAZA,SELVA
160706,LORETO,DATEM DEL MARAÑON ,ANDOAS,SELVA
160706,LORETO,DATEM DEL MARAÑON,ANDOAS,SELVA
160706,LORETO,DATEM DEL MARAÑON ,ANDOAS ,SELVA
160801,LORETO,PUTUMAYO,PUTUMAYO,SELVA
160801,LORETO,PUTUMAYO,PUTUMAYO    ,SELVA
160802,LORETO,PUTUMAYO,ROSA PANDURO ,SELVA
160802,LORETO,PUTUMAYO,ROSA PANDURO,SELVA
160803,LORETO,PUTUMAYO,TENIENTE MANUEL CLAVERO ,SELVA
160803,LORETO,PUTUMAYO,TENIENTE MANUEL CLAVERO,SELVA
160804,LORETO,PUTUMAYO,YAGUAS,SELVA
160804,LORETO,PUTUMAYO,YAGUAS ,SELVA
170101,MADRE DE DIOS,TAMBOPATA,TAMBOPATA,SELVA
170102,MADRE DE DIOS,TAMBOPATA,INAMBARI   ,SELVA
170102,MADRE DE DIOS,TAMBOPATA,INAMBARI,SELVA
170103,MADRE DE DIOS,TAMBOPATA,LAS PIEDRAS,SELVA
170103,MADRE DE DIOS,TAMBOPATA,LAS PIEDRAS  ,SELVA
170104,MADRE DE DIOS,TAMBOPATA,LABERINTO,SELVA
170201,MADRE DE DIOS,MANU,MANU   ,SELVA
170201,MADRE DE DIOS,MANU,MANU,SELVA
170202,MADRE DE DIOS,MANU,FITZCARRALD   ,SELVA
170202,MADRE DE DIOS,MANU,FITZCARRALD,SELVA
170203,MADRE DE DIOS,MANU,MADRE DE DIOS,SELVA
170203,MADRE DE DIOS,MANU,MADRE DE DIOS   ,SELVA
170204,MADRE DE DIOS,MANU,HUEPETUHE,SELVA
170301,MADRE DE DIOS,TAHUAMANU,IÑAPARI,SELVA
170302,MADRE DE DIOS,TAHUAMANU,IBERIA,SELVA
170303,MADRE DE DIOS,TAHUAMANU,TAHUAMANU,SELVA
180101,MOQUEGUA,MARISCAL NIETO,MOQUEGUA,COSTA
180102,MOQUEGUA,MARISCAL NIETO,CARUMAS,SIERRA
180103,MOQUEGUA,MARISCAL NIETO,CUCHUMBAYA,SIERRA
180104,MOQUEGUA,MARISCAL NIETO,SAMEGUA,COSTA
180105,MOQUEGUA,MARISCAL NIETO,SAN CRISTOBAL,SIERRA
180106,MOQUEGUA,MARISCAL NIETO,TORATA,SIERRA
180107,MOQUEGUA,MARISCAL NIETO,SAN ANTONIO,SIERRA
180201,MOQUEGUA,GENERAL SANCHEZ CERRO,OMATE,SIERRA
180202,MOQUEGUA,GENERAL SANCHEZ CERRO,CHOJATA,SIERRA
180203,MOQUEGUA,GENERAL SANCHEZ CERRO,COALAQUE,SIERRA
180204,MOQUEGUA,GENERAL SANCHEZ CERRO,ICHUÑA,SIERRA
180205,MOQUEGUA,GENERAL SANCHEZ CERRO,LA CAPILLA,SIERRA
180206,MOQUEGUA,GENERAL SANCHEZ CERRO,LLOQUE,SIERRA
180207,MOQUEGUA,GENERAL SANCHEZ CERRO,MATALAQUE,SIERRA
180208,MOQUEGUA,GENERAL SANCHEZ CERRO,PUQUINA,SIERRA
180209,MOQUEGUA,GENERAL SANCHEZ CERRO,QUINISTAQUILLAS,SIERRA
180210,MOQUEGUA,GENERAL SANCHEZ CERRO,UBINAS,SIERRA
180211,MOQUEGUA,GENERAL SANCHEZ CERRO,YUNGA,SIERRA
180301,MOQUEGUA,ILO,ILO,COSTA
180302,MOQUEGUA,ILO,EL ALGARROBAL,COSTA
180303,MOQUEGUA,ILO,PACOCHA,COSTA
190101,PASCO,PASCO,CHAUPIMARCA,SIERRA
190102,PASCO,PASCO,HUACHON,SIERRA
190103,PASCO,PASCO,HUARIACA,SIERRA
190104,PASCO,PASCO,HUAYLLAY,SIERRA
190105,PASCO,PASCO,NINACACA,SIERRA
190106,PASCO,PASCO,PALLANCHACRA,SIERRA
190107,PASCO,PASCO,PAUCARTAMBO,SIERRA
190108,PASCO,PASCO,SAN FRANCISCO DE ASIS DE YARUSYACAN,SIERRA
190108,PASCO,PASCO,SAN FCO.DE ASIS DE YARUSYAC,SIERRA
190109,PASCO,PASCO,SIMON BOLIVAR,SIERRA
190110,PASCO,PASCO,TICLACAYAN,SIERRA
190111,PASCO,PASCO,TINYAHUARCO,SIERRA
190112,PASCO,PASCO,VICCO,SIERRA
190113,PASCO,PASCO,YANACANCHA,SIERRA
190201,PASCO,DANIEL ALCIDES CARRION,YANAHUANCA,SIERRA
190202,PASCO,DANIEL ALCIDES CARRION,CHACAYAN,SIERRA
190203,PASCO,DANIEL ALCIDES CARRION,GOYLLARISQUIZGA,SIERRA
190204,PASCO,DANIEL ALCIDES CARRION,PAUCAR,SIERRA
190205,PASCO,DANIEL ALCIDES CARRION,SAN PEDRO DE PILLAO,SIERRA
190206,PASCO,DANIEL ALCIDES CARRION,SANTA ANA DE TUSI,SIERRA
190207,PASCO,DANIEL ALCIDES CARRION,TAPUC,SIERRA
190208,PASCO,DANIEL ALCIDES CARRION,VILCABAMBA,SIERRA
190301,PASCO,OXAPAMPA,OXAPAMPA,SELVA
190302,PASCO,OXAPAMPA,CHONTABAMBA,SELVA
190303,PASCO,OXAPAMPA,HUANCABAMBA,SELVA
190304,PASCO,OXAPAMPA,PALCAZU,SELVA
190305,PASCO,OXAPAMPA,POZUZO,SELVA
190306,PASCO,OXAPAMPA,PUERTO BERMUDEZ,SELVA
190307,PASCO,OXAPAMPA,VILLA RICA,SELVA
190308,PASCO,OXAPAMPA,CONSTITUCION ,SELVA
190308,PASCO,OXAPAMPA,CONSTITUCIÓN,SELVA
190308,PASCO,OXAPAMPA,CONSTITUCION,SELVA
200101,PIURA,PIURA,PIURA,COSTA
200104,PIURA,PIURA,CASTILLA,COSTA
200105,PIURA,PIURA,CATACAOS,COSTA
200107,PIURA,PIURA,CURA MORI,COSTA
200108,PIURA,PIURA,EL TALLAN,COSTA
200109,PIURA,PIURA,LA ARENA,COSTA
200110,PIURA,PIURA,LA UNION,COSTA
200111,PIURA,PIURA,LAS LOMAS,COSTA
200114,PIURA,PIURA,TAMBO GRANDE,COSTA
200115,PIURA,PIURA,VEINTISEIS DE OCTUBRE ,COSTA
200115,PIURA,PIURA,VEINTISEIS DE OCTUBRE,COSTA
200201,PIURA,AYABACA,AYABACA,COSTA
200202,PIURA,AYABACA,FRIAS,COSTA
200203,PIURA,AYABACA,JILILI,COSTA
200204,PIURA,AYABACA,LAGUNAS,COSTA
200205,PIURA,AYABACA,MONTERO,COSTA
200206,PIURA,AYABACA,PACAIPAMPA,COSTA
200207,PIURA,AYABACA,PAIMAS,COSTA
200208,PIURA,AYABACA,SAPILLICA,COSTA
200209,PIURA,AYABACA,SICCHEZ,COSTA
200210,PIURA,AYABACA,SUYO,COSTA
200301,PIURA,HUANCABAMBA,HUANCABAMBA,SIERRA
200302,PIURA,HUANCABAMBA,CANCHAQUE,COSTA
200303,PIURA,HUANCABAMBA,EL CARMEN DE LA FRONTERA,SIERRA
200304,PIURA,HUANCABAMBA,HUARMACA,SIERRA
200305,PIURA,HUANCABAMBA,LALAQUIZ,COSTA
200306,PIURA,HUANCABAMBA,SAN MIGUEL DE EL FAIQUE,COSTA
200307,PIURA,HUANCABAMBA,SONDOR,SIERRA
200308,PIURA,HUANCABAMBA,SONDORILLO,SIERRA
200401,PIURA,MORROPON,CHULUCANAS,COSTA
200402,PIURA,MORROPON,BUENOS AIRES,COSTA
200403,PIURA,MORROPON,CHALACO,COSTA
200404,PIURA,MORROPON,LA MATANZA,COSTA
200405,PIURA,MORROPON,MORROPON,COSTA
200406,PIURA,MORROPON,SALITRAL,COSTA
200407,PIURA,MORROPON,SAN JUAN DE BIGOTE,COSTA
200408,PIURA,MORROPON,SANTA CATALINA DE MOSSA,COSTA
200409,PIURA,MORROPON,SANTO DOMINGO,COSTA
200410,PIURA,MORROPON,YAMANGO,COSTA
200501,PIURA,PAITA,PAITA,COSTA
200502,PIURA,PAITA,AMOTAPE,COSTA
200503,PIURA,PAITA,ARENAL,COSTA
200504,PIURA,PAITA,COLAN,COSTA
200505,PIURA,PAITA,LA HUACA,COSTA
200506,PIURA,PAITA,TAMARINDO,COSTA
200507,PIURA,PAITA,VICHAYAL,COSTA
200601,PIURA,SULLANA,SULLANA,COSTA
200602,PIURA,SULLANA,BELLAVISTA,COSTA
200603,PIURA,SULLANA,IGNACIO ESCUDERO,COSTA
200604,PIURA,SULLANA,LANCONES,COSTA
200605,PIURA,SULLANA,MARCAVELICA,COSTA
200606,PIURA,SULLANA,MIGUEL CHECA,COSTA
200607,PIURA,SULLANA,QUERECOTILLO,COSTA
200608,PIURA,SULLANA,SALITRAL,COSTA
200701,PIURA,TALARA,PARIÑAS,COSTA
200702,PIURA,TALARA,EL ALTO,COSTA
200703,PIURA,TALARA,LA BREA,COSTA
200704,PIURA,TALARA,LOBITOS,COSTA
200705,PIURA,TALARA,LOS ORGANOS,COSTA
200706,PIURA,TALARA,MANCORA,COSTA
200801,PIURA,SECHURA,SECHURA,COSTA
200802,PIURA,SECHURA,BELLAVISTA DE LA UNION,COSTA
200803,PIURA,SECHURA,BERNAL,COSTA
200804,PIURA,SECHURA,CRISTO NOS VALGA,COSTA
200805,PIURA,SECHURA,VICE,COSTA
200806,PIURA,SECHURA,RINCONADA LLICUAR,COSTA
210101,PUNO,PUNO,PUNO,SIERRA
210102,PUNO,PUNO,ACORA,SIERRA
210103,PUNO,PUNO,AMANTANI,SIERRA
210104,PUNO,PUNO,ATUNCOLLA,SIERRA
210105,PUNO,PUNO,CAPACHICA,SIERRA
210106,PUNO,PUNO,CHUCUITO,SIERRA
210107,PUNO,PUNO,COATA,SIERRA
210108,PUNO,PUNO,HUATA,SIERRA
210109,PUNO,PUNO,MAÑAZO,SIERRA
210110,PUNO,PUNO,PAUCARCOLLA,SIERRA
210111,PUNO,PUNO,PICHACANI,SIERRA
210112,PUNO,PUNO,PLATERIA,SIERRA
210113,PUNO,PUNO,SAN ANTONIO,SIERRA
210114,PUNO,PUNO,TIQUILLACA,SIERRA
210115,PUNO,PUNO,VILQUE,SIERRA
210201,PUNO,AZANGARO,AZANGARO,SIERRA
210202,PUNO,AZANGARO,ACHAYA,SIERRA
210203,PUNO,AZANGARO,ARAPA,SIERRA
210204,PUNO,AZANGARO,ASILLO,SIERRA
210205,PUNO,AZANGARO,CAMINACA,SIERRA
210205,PUNO,AZANGARO,CAMINACA  ,SIERRA
210206,PUNO,AZANGARO,CHUPA,SIERRA
210207,PUNO,AZANGARO,JOSE DOMINGO CHOQUEHUANCA,SIERRA
210208,PUNO,AZANGARO,MUÑANI,SIERRA
210209,PUNO,AZANGARO,POTONI,SIERRA
210210,PUNO,AZANGARO,SAMAN,SIERRA
210211,PUNO,AZANGARO,SAN ANTON,SIERRA
210212,PUNO,AZANGARO,SAN JOSE,SIERRA
210213,PUNO,AZANGARO,SAN JUAN DE SALINAS,SIERRA
210214,PUNO,AZANGARO,SANTIAGO DE PUPUJA,SIERRA
210215,PUNO,AZANGARO,TIRAPATA,SIERRA
210301,PUNO,CARABAYA,MACUSANI,SIERRA
210302,PUNO,CARABAYA,AJOYANI,SIERRA
210303,PUNO,CARABAYA,AYAPATA,SELVA
210304,PUNO,CARABAYA,COASA,SELVA
210305,PUNO,CARABAYA,CORANI,SIERRA
210306,PUNO,CARABAYA,CRUCERO,SIERRA
210307,PUNO,CARABAYA,ITUATA  ,SELVA
210307,PUNO,CARABAYA,ITUATA,SELVA
210308,PUNO,CARABAYA,OLLACHEA,SIERRA
210309,PUNO,CARABAYA,SAN GABAN,SELVA
210310,PUNO,CARABAYA,USICAYOS,SELVA
210401,PUNO,CHUCUITO,JULI,SIERRA
210402,PUNO,CHUCUITO,DESAGUADERO,SIERRA
210403,PUNO,CHUCUITO,HUACULLANI,SIERRA
210404,PUNO,CHUCUITO,KELLUYO,SIERRA
210405,PUNO,CHUCUITO,PISACOMA,SIERRA
210406,PUNO,CHUCUITO,POMATA,SIERRA
210407,PUNO,CHUCUITO,ZEPITA,SIERRA
210501,PUNO,EL COLLAO,ILAVE,SIERRA
210502,PUNO,EL COLLAO,CAPAZO,SIERRA
210503,PUNO,EL COLLAO,PILCUYO,SIERRA
210504,PUNO,EL COLLAO,SANTA ROSA,SIERRA
210505,PUNO,EL COLLAO,CONDURIRI,SIERRA
210601,PUNO,HUANCANE,HUANCANE,SIERRA
210602,PUNO,HUANCANE,COJATA,SIERRA
210603,PUNO,HUANCANE,HUATASANI,SIERRA
210604,PUNO,HUANCANE,INCHUPALLA,SIERRA
210605,PUNO,HUANCANE,PUSI ,SIERRA
210605,PUNO,HUANCANE,PUSI,SIERRA
210606,PUNO,HUANCANE,ROSASPATA,SIERRA
210607,PUNO,HUANCANE,TARACO,SIERRA
210608,PUNO,HUANCANE,VILQUE CHICO,SIERRA
210701,PUNO,LAMPA,LAMPA,SIERRA
210702,PUNO,LAMPA,CABANILLA,SIERRA
210703,PUNO,LAMPA,CALAPUJA,SIERRA
210704,PUNO,LAMPA,NICASIO,SIERRA
210705,PUNO,LAMPA,OCUVIRI,SIERRA
210706,PUNO,LAMPA,PALCA,SIERRA
210707,PUNO,LAMPA,PARATIA,SIERRA
210708,PUNO,LAMPA,PUCARA,SIERRA
210709,PUNO,LAMPA,SANTA LUCIA,SIERRA
210710,PUNO,LAMPA,VILAVILA,SIERRA
210801,PUNO,MELGAR,AYAVIRI,SIERRA
210802,PUNO,MELGAR,ANTAUTA,SIERRA
210803,PUNO,MELGAR,CUPI,SIERRA
210804,PUNO,MELGAR,LLALLI,SIERRA
210805,PUNO,MELGAR,MACARI,SIERRA
210806,PUNO,MELGAR,NUÑOA,SIERRA
210807,PUNO,MELGAR,ORURILLO,SIERRA
210808,PUNO,MELGAR,SANTA ROSA,SIERRA
210809,PUNO,MELGAR,UMACHIRI,SIERRA
210901,PUNO,MOHO,MOHO,SIERRA
210902,PUNO,MOHO,CONIMA,SIERRA
210903,PUNO,MOHO,HUAYRAPATA,SIERRA
210904,PUNO,MOHO,TILALI,SIERRA
211001,PUNO,SAN ANTONIO DE PUTINA,PUTINA,SIERRA
211002,PUNO,SAN ANTONIO DE PUTINA,ANANEA,SIERRA
211003,PUNO,SAN ANTONIO DE PUTINA,PEDRO VILCA APAZA,SIERRA
211004,PUNO,SAN ANTONIO DE PUTINA,QUILCAPUNCU,SIERRA
211005,PUNO,SAN ANTONIO DE PUTINA,SINA,SIERRA
211101,PUNO,SAN ROMAN,JULIACA,SIERRA
211101,PUNO,SAN ROMAN,JULIACA   ,SIERRA
211102,PUNO,SAN ROMAN,CABANA,SIERRA
211103,PUNO,SAN ROMAN,CABANILLAS,SIERRA
211104,PUNO,SAN ROMAN,CARACOTO  ,SIERRA
211104,PUNO,SAN ROMAN,CARACOTO,SIERRA
211105,PUNO,SAN ROMAN,SAN MIGUEL,SIERRA
211105,PUNO,SAN ROMAN,SAN MIGUEL   ,SIERRA
211201,PUNO,SANDIA,SANDIA,SELVA
211202,PUNO,SANDIA,CUYOCUYO,SIERRA
211203,PUNO,SANDIA,LIMBANI,SELVA
211204,PUNO,SANDIA,PATAMBUCO,SIERRA
211205,PUNO,SANDIA,PHARA,SELVA
211206,PUNO,SANDIA,QUIACA,SIERRA
211207,PUNO,SANDIA,SAN JUAN DEL ORO,SELVA
211208,PUNO,SANDIA,YANAHUAYA,SELVA
211209,PUNO,SANDIA,ALTO INAMBARI,SELVA
211210,PUNO,SANDIA,SAN PEDRO DE PUTINA PUNCU,SELVA
211210,PUNO,SANDIA,SAN PEDRO DE PUTINA PUNCO,SELVA
211301,PUNO,YUNGUYO,YUNGUYO,SIERRA
211302,PUNO,YUNGUYO,ANAPIA,SIERRA
211303,PUNO,YUNGUYO,COPANI,SIERRA
211304,PUNO,YUNGUYO,CUTURAPI,SIERRA
211305,PUNO,YUNGUYO,OLLARAYA,SIERRA
211306,PUNO,YUNGUYO,TINICACHI,SIERRA
211307,PUNO,YUNGUYO,UNICACHI,SIERRA
220101,SAN MARTIN,MOYOBAMBA,MOYOBAMBA,SELVA
220102,SAN MARTIN,MOYOBAMBA,CALZADA,SELVA
220103,SAN MARTIN,MOYOBAMBA,HABANA,SELVA
220104,SAN MARTIN,MOYOBAMBA,JEPELACIO,SELVA
220105,SAN MARTIN,MOYOBAMBA,SORITOR,SELVA
220106,SAN MARTIN,MOYOBAMBA,YANTALO,SELVA
220201,SAN MARTIN,BELLAVISTA,BELLAVISTA,SELVA
220202,SAN MARTIN,BELLAVISTA,ALTO BIAVO,SELVA
220203,SAN MARTIN,BELLAVISTA,BAJO BIAVO,SELVA
220204,SAN MARTIN,BELLAVISTA,HUALLAGA,SELVA
220205,SAN MARTIN,BELLAVISTA,SAN PABLO,SELVA
220206,SAN MARTIN,BELLAVISTA,SAN RAFAEL,SELVA
220301,SAN MARTIN,EL DORADO,SAN JOSE DE SISA,SELVA
220302,SAN MARTIN,EL DORADO,AGUA BLANCA,SELVA
220303,SAN MARTIN,EL DORADO,SAN MARTIN,SELVA
220304,SAN MARTIN,EL DORADO,SANTA ROSA,SELVA
220305,SAN MARTIN,EL DORADO,SHATOJA,SELVA
220401,SAN MARTIN,HUALLAGA,SAPOSOA,SELVA
220402,SAN MARTIN,HUALLAGA,ALTO SAPOSOA,SELVA
220403,SAN MARTIN,HUALLAGA,EL ESLABON,SELVA
220404,SAN MARTIN,HUALLAGA,PISCOYACU,SELVA
220405,SAN MARTIN,HUALLAGA,SACANCHE,SELVA
220406,SAN MARTIN,HUALLAGA,TINGO DE SAPOSOA,SELVA
220501,SAN MARTIN,LAMAS,LAMAS,SELVA
220502,SAN MARTIN,LAMAS,ALONSO DE ALVARADO,SELVA
220503,SAN MARTIN,LAMAS,BARRANQUITA,SELVA
220504,SAN MARTIN,LAMAS,CAYNARACHI,SELVA
220504,SAN MARTIN,LAMAS,CAYNARACHI   ,SELVA
220505,SAN MARTIN,LAMAS,CUÑUMBUQUI,SELVA
220506,SAN MARTIN,LAMAS,PINTO RECODO,SELVA
220507,SAN MARTIN,LAMAS,RUMISAPA,SELVA
220508,SAN MARTIN,LAMAS,SAN ROQUE DE CUMBAZA,SELVA
220509,SAN MARTIN,LAMAS,SHANAO,SELVA
220510,SAN MARTIN,LAMAS,TABALOSOS,SELVA
220511,SAN MARTIN,LAMAS,ZAPATERO,SELVA
220601,SAN MARTIN,MARISCAL CACERES,JUANJUI,SELVA
220602,SAN MARTIN,MARISCAL CACERES,CAMPANILLA,SELVA
220603,SAN MARTIN,MARISCAL CACERES,HUICUNGO,SELVA
220604,SAN MARTIN,MARISCAL CACERES,PACHIZA,SELVA
220605,SAN MARTIN,MARISCAL CACERES,PAJARILLO,SELVA
220701,SAN MARTIN,PICOTA,PICOTA,SELVA
220702,SAN MARTIN,PICOTA,BUENOS AIRES,SELVA
220703,SAN MARTIN,PICOTA,CASPISAPA,SELVA
220704,SAN MARTIN,PICOTA,PILLUANA,SELVA
220705,SAN MARTIN,PICOTA,PUCACACA,SELVA
220706,SAN MARTIN,PICOTA,SAN CRISTOBAL,SELVA
220707,SAN MARTIN,PICOTA,SAN HILARION,SELVA
220708,SAN MARTIN,PICOTA,SHAMBOYACU,SELVA
220709,SAN MARTIN,PICOTA,TINGO DE PONASA,SELVA
220710,SAN MARTIN,PICOTA,TRES UNIDOS,SELVA
220801,SAN MARTIN,RIOJA,RIOJA,SELVA
220802,SAN MARTIN,RIOJA,AWAJUN,SELVA
220803,SAN MARTIN,RIOJA,ELIAS SOPLIN VARGAS,SELVA
220804,SAN MARTIN,RIOJA,NUEVA CAJAMARCA,SELVA
220805,SAN MARTIN,RIOJA,PARDO MIGUEL,SELVA
220806,SAN MARTIN,RIOJA,POSIC,SELVA
220807,SAN MARTIN,RIOJA,SAN FERNANDO,SELVA
220808,SAN MARTIN,RIOJA,YORONGOS,SELVA
220809,SAN MARTIN,RIOJA,YURACYACU,SELVA
220901,SAN MARTIN,SAN MARTIN,TARAPOTO,SELVA
220902,SAN MARTIN,SAN MARTIN,ALBERTO LEVEAU,SELVA
220903,SAN MARTIN,SAN MARTIN,CACATACHI,SELVA
220904,SAN MARTIN,SAN MARTIN,CHAZUTA,SELVA
220905,SAN MARTIN,SAN MARTIN,CHIPURANA,SELVA
220906,SAN MARTIN,SAN MARTIN,EL PORVENIR,SELVA
220907,SAN MARTIN,SAN MARTIN,HUIMBAYOC,SELVA
220908,SAN MARTIN,SAN MARTIN,JUAN GUERRA,SELVA
220909,SAN MARTIN,SAN MARTIN,LA BANDA DE SHILCAYO,SELVA
220910,SAN MARTIN,SAN MARTIN,MORALES,SELVA
220911,SAN MARTIN,SAN MARTIN,PAPAPLAYA,SELVA
220912,SAN MARTIN,SAN MARTIN,SAN ANTONIO,SELVA
220913,SAN MARTIN,SAN MARTIN,SAUCE,SELVA
220914,SAN MARTIN,SAN MARTIN,SHAPAJA,SELVA
221001,SAN MARTIN,TOCACHE,TOCACHE,SELVA
221002,SAN MARTIN,TOCACHE,NUEVO PROGRESO,SELVA
221003,SAN MARTIN,TOCACHE,POLVORA,SELVA
221004,SAN MARTIN,TOCACHE,SHUNTE,SELVA
221005,SAN MARTIN,TOCACHE,UCHIZA,SELVA
221006,SAN MARTIN,TOCACHE,SANTA LUCIA,SELVA
230101,TACNA,TACNA,TACNA,COSTA
230101,TACNA,TACNA,TACNA   ,COSTA
230102,TACNA,TACNA,ALTO DE LA ALIANZA,COSTA
230103,TACNA,TACNA,CALANA,COSTA
230104,TACNA,TACNA,CIUDAD NUEVA,COSTA
230105,TACNA,TACNA,INCLAN,COSTA
230106,TACNA,TACNA,PACHIA,COSTA
230107,TACNA,TACNA,PALCA,SIERRA
230108,TACNA,TACNA,POCOLLAY,COSTA
230109,TACNA,TACNA,SAMA,COSTA
230110,TACNA,TACNA,CORONEL GREGORIO ALBARRACIN LANCHIPA,COSTA
230110,TACNA,TACNA,CRNEL.GREGORIO ALBARRACIN LANCHIPA,COSTA
230111,TACNA,TACNA,LA YARADA LOS PALOS,COSTA
230111,TACNA,TACNA,LA YARADA LOS PALOS  ,COSTA
230201,TACNA,CANDARAVE,CANDARAVE,SIERRA
230202,TACNA,CANDARAVE,CAIRANI,SIERRA
230203,TACNA,CANDARAVE,CAMILACA,SIERRA
230204,TACNA,CANDARAVE,CURIBAYA,SIERRA
230205,TACNA,CANDARAVE,HUANUARA,SIERRA
230206,TACNA,CANDARAVE,QUILAHUANI,SIERRA
230301,TACNA,JORGE BASADRE,LOCUMBA,COSTA
230302,TACNA,JORGE BASADRE,ILABAYA,COSTA
230303,TACNA,JORGE BASADRE,ITE,COSTA
230401,TACNA,TARATA,TARATA,SIERRA
230402,TACNA,TARATA,HEROES ALBARRACIN,COSTA
230403,TACNA,TARATA,ESTIQUE,COSTA
230404,TACNA,TARATA,ESTIQUE-PAMPA,COSTA
230405,TACNA,TARATA,SITAJARA,SIERRA
230406,TACNA,TARATA,SUSAPAYA,SIERRA
230407,TACNA,TARATA,TARUCACHI,SIERRA
230408,TACNA,TARATA,TICACO,SIERRA
240101,TUMBES,TUMBES,TUMBES,COSTA
240102,TUMBES,TUMBES,CORRALES,COSTA
240103,TUMBES,TUMBES,LA CRUZ,COSTA
240104,TUMBES,TUMBES,PAMPAS DE HOSPITAL,COSTA
240105,TUMBES,TUMBES,SAN JACINTO,COSTA
240106,TUMBES,TUMBES,SAN JUAN DE LA VIRGEN,COSTA
240201,TUMBES,CONTRALMIRANTE VILLAR,ZORRITOS,COSTA
240202,TUMBES,CONTRALMIRANTE VILLAR,CASITAS,COSTA
240203,TUMBES,CONTRALMIRANTE VILLAR,CANOAS DE PUNTA SAL ,COSTA
240203,TUMBES,CONTRALMIRANTE VILLAR,CANOAS DE PUNTA SAL,COSTA
240301,TUMBES,ZARUMILLA,ZARUMILLA,COSTA
240302,TUMBES,ZARUMILLA,AGUAS VERDES,COSTA
240303,TUMBES,ZARUMILLA,MATAPALO,COSTA
240304,TUMBES,ZARUMILLA,PAPAYAL,COSTA
250101,UCAYALI,CORONEL PORTILLO,CALLERIA,SELVA
250102,UCAYALI,CORONEL PORTILLO,CAMPOVERDE,SELVA
250103,UCAYALI,CORONEL PORTILLO,IPARIA,SELVA
250104,UCAYALI,CORONEL PORTILLO,MASISEA,SELVA
250105,UCAYALI,CORONEL PORTILLO,YARINACOCHA,SELVA
250106,UCAYALI,CORONEL PORTILLO,NUEVA REQUENA,SELVA
250107,UCAYALI,CORONEL PORTILLO,MANANTAY,SELVA
250201,UCAYALI,ATALAYA,RAIMONDI,SELVA
250201,UCAYALI,ATALAYA,RAYMONDI,SELVA
250202,UCAYALI,ATALAYA,SEPAHUA,SELVA
250203,UCAYALI,ATALAYA,TAHUANIA,SELVA
250204,UCAYALI,ATALAYA,YURUA,SELVA
250301,UCAYALI,PADRE ABAD,PADRE ABAD,SELVA
250302,UCAYALI,PADRE ABAD,IRAZOLA,SELVA
250302,UCAYALI,PADRE ABAD,IRAZOLA  ,SELVA
250303,UCAYALI,PADRE ABAD,CURIMANA,SELVA
250304,UCAYALI,PADRE ABAD,NESHUYA,SELVA
250304,UCAYALI,PADRE ABAD,NESHUYA   ,SELVA
250305,UCAYALI,PADRE ABAD,ALEXANDER VON HUMBOLDT,SELVA
250305,UCAYALI,PADRE ABAD,ALEXANDER VON HUMBOLDT  ,SELVA
250306,UCAYALI,PADRE ABAD,HUIPOCA,SELVA
250307,UCAYALI,PADRE ABAD,BOQUERON,SELVA
250401,UCAYALI,PURUS,PURUS,SELVA
